drug_smiles,wt_target_key,mut_target_key,base_gene,wt_affinity,mut_affinity,delta_affinity,higher_target,wt_idx,mut_idx,pair_split
CS(=O)c1ccc(-c2nc(-c3ccc(F)cc3)c(-c3ccncc3)[nH]2)cc1,ABL1,ABL1(H396P),ABL1,5.0,5.585026652029182,0.5850266520291818,mut,872,22119,train
C#Cc1cccc(Nc2ncnc3cc(OCCOC)c(OCCOC)cc23)c1,ABL1,ABL1(H396P),ABL1,6.481486060122113,7.050609993355087,0.5691239332329738,mut,1474,7839,train
CNC(=O)c1ccccc1Sc1ccc2c(C=Cc3ccccn3)n[nH]c2c1,ABL1,ABL1(H396P),ABL1,7.075720713938118,7.698970004336019,0.6232492903979008,mut,1819,8106,train
CCN1CCN(Cc2ccc(NC(=O)Nc3ccc(Oc4cc(NC)ncn4)cc3)cc2C(F)(F)F)CC1,ABL1,ABL1(H396P),ABL1,9.167491087293763,8.585026652029182,0.5824644352645816,wt,2709,22535,train
Cc1[nH]c(C=C2C(=O)Nc3ccc(S(=O)(=O)Cc4c(Cl)cccc4Cl)cc32)c(C)c1C(=O)N1CCCC1CN1CCCC1,ABL1,ABL1(H396P),ABL1,5.585026652029182,5.0,0.5850266520291818,wt,2933,17434,train
Cc1[nH]c(C=C2C(=O)Nc3ccc(F)cc32)c(C)c1C(=O)NCC(O)CN1CCOCC1,ABL1,ABL1(H396P),ABL1,6.036212172654444,6.619788758288394,0.5835765856339492,mut,3151,3247,train
N#CCC(C1CCCC1)n1cc(-c2ncnc3[nH]ccc23)cn1.O=P(O)(O)O,ABL1,ABL1(H396P),ABL1,5.431798275933005,5.958607314841775,0.5268090389087696,mut,6492,12470,train
COC(=O)c1ccc2c(c1)NC(=O)C2=C(Nc1ccc(N(C)C(=O)CN2CCN(C)CC2)cc1)c1ccccc1,ABL1,ABL1(H396P),ABL1,6.638272163982407,7.346787486224656,0.7085153222422491,mut,9471,11685,train
Cc1cnc(Nc2ccc(OCCN3CCCC3)cc2)nc1Nc1cccc(S(=O)(=O)NC(C)(C)C)c1,ABL1,ABL1(H396P),ABL1,6.7447274948966935,7.346787486224656,0.6020599913279625,mut,11722,19319,train
CCN(CC)CCNC(=O)c1c(C)[nH]c(C=C2C(=O)Nc3ccc(F)cc32)c1C,ABL1,ABL1(H396P),ABL1,6.568636235841013,7.130768280269024,0.5621320444280107,mut,12007,13818,train
CC12OC(CC1(O)CO)n1c3ccccc3c3c4c(c5c6ccccc6n2c5c31)CNC4=O,ABL1,ABL1(H396P),ABL1,5.494850021680094,6.0,0.5051499783199063,mut,15719,11734,train
Cc1ccc(NC(=O)c2ccc(CN3CCN(C)CC3)cc2)cc1Nc1nc(-c2cccnc2)cs1,ABL1,ABL1(H396P),ABL1,8.67778070526608,7.958607314841775,0.7191733904243058,wt,16986,3071,train
Cc1cc(Nc2cc(N3CCN(C)CC3)nc(Sc3ccc(NC(=O)C4CC4)cc3)n2)n[nH]1,ABL1,ABL1(H396P),ABL1,7.886056647693163,8.481486060122112,0.595429412428949,mut,17844,5784,train
COc1cc2ncnc(Nc3ccc(F)c(Cl)c3)c2cc1OCCCN1CCOCC1,ABL1,ABL1(H396P),ABL1,5.657577319177793,6.167491087293763,0.50991376811597,mut,18136,24061,train
COC1C(N(C)C(=O)c2ccccc2)CC2OC1(C)n1c3ccccc3c3c4c(c5c6ccccc6n2c5c31)C(=O)NC4,ABL1,ABL1(H396P),ABL1,5.0,5.508638306165727,0.5086383061657269,mut,19835,3803,train
COc1cc2c(Nc3ccc(Br)cc3F)ncnc2cc1OCC1CCN(C)CC1,ABL1,ABL1(H396P),ABL1,7.318758762624412,8.008773924307505,0.6900151616830925,mut,21693,9721,train
CCC1C(=O)N(C)c2cnc(Nc3ccc(C(=O)NC4CCN(C)CC4)cc3OC)nc2N1C1CCCC1,ABL1,ABL1(H396P),ABL1,5.0,5.698970004336019,0.6989700043360187,mut,23713,19331,train
C=CC(=O)Nc1cc2c(Nc3ccc(F)c(Cl)c3)ncnc2cc1OCCCN1CCOCC1,ABL1,ABL1(H396P),ABL1,6.6777807052660805,7.337242168318426,0.6594614630523452,mut,24092,26926,val
Cc1ccc(NC(=O)c2ccc(CN3CCN(C)CC3)cc2)cc1Nc1nccc(-c2cccnc2)n1,ABL1,ABL1(H396P),ABL1,8.958607314841775,8.229147988357855,0.7294593264839193,wt,25194,25416,val
O=C(c1ccc(C=Cc2n[nH]c3ccccc23)cc1)N1CCNCC1,ABL1,ABL1(H396P),ABL1,7.200659450546419,7.769551078621726,0.5688916280753071,mut,27837,27928,test
Cc1ccc(-n2nc(C(C)(C)C)cc2NC(=O)Nc2ccc(OCCN3CCOCC3)c3ccccc23)cc1,ABL1,ABL1(H396P),ABL1,6.096910013008056,5.481486060122113,0.6154239528859433,wt,28008,27985,test
CNC(=O)c1cc(Oc2ccc(NC(=O)Nc3ccc(Cl)c(C(F)(F)F)c3)cc2)ccn1,ABL1,ABL1(H396P),ABL1,6.886056647693163,6.2839966563652006,0.6020599913279625,wt,29686,28532,test
C#Cc1cccc(Nc2ncnc3cc(OCCOC)c(OCCOC)cc23)c1,ABL1,ABL1(F317I)p,ABL1,6.481486060122113,5.958607314841775,0.5228787452803383,wt,1474,8365,train
CNC(=O)c1ccccc1Sc1ccc2c(C=Cc3ccccn3)n[nH]c2c1,ABL1,ABL1(F317I)p,ABL1,7.075720713938118,6.096910013008056,0.9788107009300617,wt,1819,8013,train
COc1cc2c(Oc3ccc4[nH]c(C)cc4c3F)ncnc2cc1OCCCN1CCCC1,ABL1,ABL1(F317I)p,ABL1,7.0,5.886056647693163,1.113943352306837,wt,1901,23131,train
CC(Oc1cc(-c2cnn(C3CCNCC3)c2)cnc1N)c1c(Cl)ccc(F)c1Cl,ABL1,ABL1(F317I)p,ABL1,7.107905397309519,5.494850021680094,1.6130553756294255,wt,2173,8147,train
Cn1c(Nc2ccc(C(F)(F)F)cc2)nc2cc(Oc3ccnc(-c4ncc(C(F)(F)F)[nH]4)c3)ccc21,ABL1,ABL1(F317I)p,ABL1,6.522878745280337,5.0,1.5228787452803374,wt,2471,20069,train
CCN1CCN(Cc2ccc(NC(=O)Nc3ccc(Oc4cc(NC)ncn4)cc3)cc2C(F)(F)F)CC1,ABL1,ABL1(F317I)p,ABL1,9.167491087293763,7.886056647693163,1.2814344396006003,wt,2709,7998,train
Cc1[nH]c(C=C2C(=O)Nc3ccc(S(=O)(=O)Cc4c(Cl)cccc4Cl)cc32)c(C)c1C(=O)N1CCCC1CN1CCCC1,ABL1,ABL1(F317I)p,ABL1,5.585026652029182,5.0,0.5850266520291818,wt,2933,5521,train
O=C(O)c1ccc(Nc2ncc3c(n2)-c2ccc(Cl)cc2C(c2c(F)cccc2F)=NC3)cc1,ABL1,ABL1(F317I)p,ABL1,5.958607314841775,5.0,0.9586073148417746,wt,3440,12038,train
CC1(C)CNc2cc(NC(=O)c3cccnc3NCc3ccncc3)ccc21,ABL1,ABL1(F317I)p,ABL1,6.167491087293763,5.0,1.1674910872937634,wt,7538,4501,train
COC(=O)c1ccc2c(c1)NC(=O)C2=C(Nc1ccc(N(C)C(=O)CN2CCN(C)CC2)cc1)c1ccccc1,ABL1,ABL1(F317I)p,ABL1,6.638272163982407,5.585026652029182,1.0532455119532251,wt,9471,20489,train
CCN(CC)CCNC(=O)c1c(C)[nH]c(C=C2C(=O)Nc3ccc(F)cc32)c1C,ABL1,ABL1(F317I)p,ABL1,6.568636235841013,6.050609993355088,0.5180262424859254,wt,12007,6770,train
Cc1ccc(Nc2nccc(N(C)c3ccc4c(C)n(C)nc4c3)n2)cc1S(N)(=O)=O,ABL1,ABL1(F317I)p,ABL1,6.2076083105017466,5.0,1.2076083105017466,wt,14377,10091,train
COc1cc(N2CCC(N3CCN(C)CC3)CC2)ccc1Nc1ncc(Cl)c(Nc2ccccc2S(=O)(=O)C(C)C)n1,ABL1,ABL1(F317I)p,ABL1,6.698970004336019,7.853871964321762,1.154901959985743,mut,15735,6314,train
Cc1cc2c(F)c(Oc3ncnn4cc(OCC(C)O)c(C)c34)ccc2[nH]1,ABL1,ABL1(F317I)p,ABL1,5.958607314841775,5.0,0.9586073148417746,wt,16800,22631,train
Cc1ccc(NC(=O)c2ccc(CN3CCN(C)CC3)cc2)cc1Nc1nc(-c2cccnc2)cs1,ABL1,ABL1(F317I)p,ABL1,8.67778070526608,7.107905397309519,1.5698753079565613,wt,16986,10404,train
COc1cc(Nc2ncc(F)c(Nc3ccc4c(n3)NC(=O)C(C)(C)O4)n2)cc(OC)c1OC.O=S(=O)(O)c1ccccc1,ABL1,ABL1(F317I)p,ABL1,6.275724130399211,5.0,1.2757241303992108,wt,17117,1533,train
CNC1CC2OC(C)(C1OC)n1c3ccccc3c3c4c(c5c6ccccc6n2c5c31)C(=O)NC4,ABL1,ABL1(F317I)p,ABL1,7.431798275933005,6.886056647693163,0.545741628239842,wt,17265,7995,train
CCCS(=O)(=O)Nc1ccc(F)c(C(=O)c2c[nH]c3ncc(Cl)cc23)c1F,ABL1,ABL1(F317I)p,ABL1,6.337242168318426,5.301029995663981,1.0362121726544444,wt,17322,15161,train
Cc1cc(Nc2cc(N3CCN(C)CC3)nc(Sc3ccc(NC(=O)C4CC4)cc3)n2)n[nH]1,ABL1,ABL1(F317I)p,ABL1,7.886056647693163,5.6777807052660805,2.2082759424270826,wt,17844,208,train
Cc1cn(-c2cc(NC(=O)c3ccc(C)c(Nc4nccc(-c5cccnc5)n4)c3)cc(C(F)(F)F)c2)cn1,ABL1,ABL1(F317I)p,ABL1,8.0,7.251811972993799,0.7481880270062007,wt,17892,3000,train
CC(O)C(=O)O.CN1CCN(c2ccc3c(c2)NC(=C2C(=O)N=c4cccc(F)c4=C2N)N3)CC1.O,ABL1,ABL1(F317I)p,ABL1,7.0,5.346787486224656,1.653212513775344,wt,19978,6904,train
CSc1cccc(Nc2ncc3cc(-c4c(Cl)cccc4Cl)c(=O)n(C)c3n2)c1,ABL1,ABL1(F317I)p,ABL1,8.823908740944319,8.275724130399212,0.5481846105451069,wt,20564,9534,train
COc1cc2c(Nc3ccc(Br)cc3F)ncnc2cc1OCC1CCN(C)CC1,ABL1,ABL1(F317I)p,ABL1,7.318758762624412,6.769551078621726,0.5492076840026865,wt,21693,843,train
COc1cc2c(Oc3ccc(NC(=O)C4(C(=O)Nc5ccc(F)cc5)CC4)cc3F)ccnc2cc1OCCCN1CCOCC1,ABL1,ABL1(F317I)p,ABL1,8.2518119729938,6.6020599913279625,1.6497519816658368,wt,24083,24327,val
C=CC(=O)Nc1cc2c(Nc3ccc(F)c(Cl)c3)ncnc2cc1OCCCN1CCOCC1,ABL1,ABL1(F317I)p,ABL1,6.6777807052660805,6.0,0.6777807052660805,wt,24092,26041,val
Cc1ccc(NC(=O)c2ccc(CN3CCN(C)CC3)cc2)cc1Nc1nccc(-c2cccnc2)n1,ABL1,ABL1(F317I)p,ABL1,8.958607314841775,6.236572006437063,2.7220353084047115,wt,25194,25181,val
CC(C)N1NC(=C2C=c3cc(O)ccc3=N2)c2c(N)ncnc21,ABL1,ABL1(F317I)p,ABL1,6.823908740944319,5.920818753952375,0.9030899869919438,wt,25196,25519,val
O=C(c1ccc(C=Cc2n[nH]c3ccccc23)cc1)N1CCNCC1,ABL1,ABL1(F317I)p,ABL1,7.200659450546419,6.275724130399211,0.9249353201472079,wt,27837,27360,test
Cc1ccc(-n2nc(C(C)(C)C)cc2NC(=O)Nc2ccc(OCCN3CCOCC3)c3ccccc23)cc1,ABL1,ABL1(F317I)p,ABL1,6.096910013008056,5.0,1.0969100130080562,wt,28008,29033,test
CN1CCN(C(=O)c2cc3cc(Cl)ccc3[nH]2)CC1,ABL1,ABL1(F317I)p,ABL1,6.173925197299173,5.346787486224656,0.8271377110745171,wt,29075,29638,test
CNC(=O)c1cc(Oc2ccc(NC(=O)Nc3ccc(Cl)c(C(F)(F)F)c3)cc2)ccn1,ABL1,ABL1(F317I)p,ABL1,6.886056647693163,5.309803919971486,1.576252727721677,wt,29686,28807,test
CNC(=O)c1ccccc1Sc1ccc2c(C=Cc3ccccn3)n[nH]c2c1,ABL1,ABL1(F317L),ABL1,7.075720713938118,6.080921907623926,0.9947988063141917,wt,1819,1774,train
COc1cc2c(Oc3ccc4[nH]c(C)cc4c3F)ncnc2cc1OCCCN1CCCC1,ABL1,ABL1(F317L),ABL1,7.0,6.4089353929735005,0.5910646070264995,wt,1901,16523,train
CC(Oc1cc(-c2cnn(C3CCNCC3)c2)cnc1N)c1c(Cl)ccc(F)c1Cl,ABL1,ABL1(F317L),ABL1,7.107905397309519,6.214670164989233,0.8932352323202863,wt,2173,15338,train
Cn1c(Nc2ccc(C(F)(F)F)cc2)nc2cc(Oc3ccnc(-c4ncc(C(F)(F)F)[nH]4)c3)ccc21,ABL1,ABL1(F317L),ABL1,6.522878745280337,5.619788758288394,0.9030899869919438,wt,2471,11832,train
Cc1[nH]c(C=C2C(=O)Nc3ccc(S(=O)(=O)Cc4c(Cl)cccc4Cl)cc32)c(C)c1C(=O)N1CCCC1CN1CCCC1,ABL1,ABL1(F317L),ABL1,5.585026652029182,5.0,0.5850266520291818,wt,2933,874,train
Cc1[nH]c(C=C2C(=O)Nc3ccc(F)cc32)c(C)c1C(=O)NCC(O)CN1CCOCC1,ABL1,ABL1(F317L),ABL1,6.036212172654444,5.481486060122113,0.5547261125323315,wt,3151,86,train
O=C(O)c1ccc(Nc2ncc3c(n2)-c2ccc(Cl)cc2C(c2c(F)cccc2F)=NC3)cc1,ABL1,ABL1(F317L),ABL1,5.958607314841775,5.0,0.9586073148417746,wt,3440,20609,train
COC(=O)c1ccc2c(c1)NC(=O)C2=C(Nc1ccc(N(C)C(=O)CN2CCN(C)CC2)cc1)c1ccccc1,ABL1,ABL1(F317L),ABL1,6.638272163982407,5.638272163982407,1.0,wt,9471,19253,train
Cc1ccc(Nc2nccc(N(C)c3ccc4c(C)n(C)nc4c3)n2)cc1S(N)(=O)=O,ABL1,ABL1(F317L),ABL1,6.2076083105017466,5.356547323513812,0.8510609869879344,wt,14377,23485,train
COc1cc(N2CCC(N3CCN(C)CC3)CC2)ccc1Nc1ncc(Cl)c(Nc2ccccc2S(=O)(=O)C(C)C)n1,ABL1,ABL1(F317L),ABL1,6.698970004336019,7.267606240177032,0.5686362358410131,mut,15735,15708,train
Cc1cc2c(F)c(Oc3ncnn4cc(OCC(C)O)c(C)c34)ccc2[nH]1,ABL1,ABL1(F317L),ABL1,5.958607314841775,5.3872161432802645,0.5713911715615101,wt,16800,17706,train
Cc1ccc(NC(=O)c2ccc(CN3CCN(C)CC3)cc2)cc1Nc1nc(-c2cccnc2)cs1,ABL1,ABL1(F317L),ABL1,8.67778070526608,8.0,0.6777807052660805,wt,16986,1914,train
COc1cc(Nc2ncc(F)c(Nc3ccc4c(n3)NC(=O)C(C)(C)O4)n2)cc(OC)c1OC.O=S(=O)(O)c1ccccc1,ABL1,ABL1(F317L),ABL1,6.275724130399211,5.0,1.2757241303992108,wt,17117,18251,train
CNC1CC2OC(C)(C1OC)n1c3ccccc3c3c4c(c5c6ccccc6n2c5c31)C(=O)NC4,ABL1,ABL1(F317L),ABL1,7.431798275933005,6.769551078621726,0.6622471973112791,wt,17265,7557,train
Cc1cc(Nc2cc(N3CCN(C)CC3)nc(Sc3ccc(NC(=O)C4CC4)cc3)n2)n[nH]1,ABL1,ABL1(F317L),ABL1,7.886056647693163,6.318758762624412,1.5672978850687507,wt,17844,9717,train
CC(O)C(=O)O.CN1CCN(c2ccc3c(c2)NC(=C2C(=O)N=c4cccc(F)c4=C2N)N3)CC1.O,ABL1,ABL1(F317L),ABL1,7.0,5.823908740944319,1.1760912590556813,wt,19978,13071,train
COc1cc2c(Oc3ccc(NC(=O)C4(C(=O)Nc5ccc(F)cc5)CC4)cc3F)ccnc2cc1OCCCN1CCOCC1,ABL1,ABL1(F317L),ABL1,8.2518119729938,7.698970004336019,0.5528419686577806,wt,24083,25378,val
C=CC(=O)Nc1cc2c(Nc3ccc(F)c(Cl)c3)ncnc2cc1OCCCN1CCOCC1,ABL1,ABL1(F317L),ABL1,6.6777807052660805,5.823908740944319,0.8538719643217618,wt,24092,26752,val
CC(C)N1NC(=C2C=c3cc(O)ccc3=N2)c2c(N)ncnc21,ABL1,ABL1(F317L),ABL1,6.823908740944319,5.0,1.8239087409443187,wt,25196,26467,val
O=C(c1ccc(C=Cc2n[nH]c3ccccc23)cc1)N1CCNCC1,ABL1,ABL1(F317L),ABL1,7.200659450546419,6.443697499232713,0.7569619513137056,wt,27837,28286,test
CN1CCN(C(=O)c2cc3cc(Cl)ccc3[nH]2)CC1,ABL1,ABL1(F317L),ABL1,6.173925197299173,5.6020599913279625,0.5718652059712106,wt,29075,29051,test
CNC(=O)c1cc(Oc2ccc(NC(=O)Nc3ccc(Cl)c(C(F)(F)F)c3)cc2)ccn1,ABL1,ABL1(F317L),ABL1,6.886056647693163,6.113509274827518,0.7725473728656453,wt,29686,28912,test
C#Cc1cccc(Nc2ncnc3cc(OCCOC)c(OCCOC)cc23)c1,ABL1,ABL1(Y253F),ABL1,6.481486060122113,7.119186407719209,0.6377003475970957,mut,1474,14190,train
Cn1c(Nc2ccc(C(F)(F)F)cc2)nc2cc(Oc3ccnc(-c4ncc(C(F)(F)F)[nH]4)c3)ccc21,ABL1,ABL1(Y253F),ABL1,6.522878745280337,5.568636235841013,0.9542425094393243,wt,2471,18504,train
CCN1CCN(Cc2ccc(NC(=O)Nc3ccc(Oc4cc(NC)ncn4)cc3)cc2C(F)(F)F)CC1,ABL1,ABL1(Y253F),ABL1,9.167491087293763,8.0,1.1674910872937634,wt,2709,15312,train
CC1(C)CNc2cc(NC(=O)c3cccnc3NCc3ccncc3)ccc21,ABL1,ABL1(Y253F),ABL1,6.167491087293763,5.346787486224656,0.8207036010691073,wt,7538,1653,train
COC(=O)c1ccc2c(c1)NC(=O)C2=C(Nc1ccc(N(C)C(=O)CN2CCN(C)CC2)cc1)c1ccccc1,ABL1,ABL1(Y253F),ABL1,6.638272163982407,7.431798275933005,0.7935261119505981,mut,9471,16132,train
Cc1cnc(Nc2ccc(OCCN3CCCC3)cc2)nc1Nc1cccc(S(=O)(=O)NC(C)(C)C)c1,ABL1,ABL1(Y253F),ABL1,6.7447274948966935,7.251811972993799,0.5070844780971058,mut,11722,12154,train
CC12OC(CC1(O)CO)n1c3ccccc3c3c4c(c5c6ccccc6n2c5c31)CNC4=O,ABL1,ABL1(Y253F),ABL1,5.494850021680094,6.040958607678906,0.5461085859988124,mut,15719,21587,train
Cc1ccc(NC(=O)c2ccc(CN3CCN(C)CC3)cc2)cc1Nc1nc(-c2cccnc2)cs1,ABL1,ABL1(Y253F),ABL1,8.67778070526608,7.602059991327962,1.0757207139381189,wt,16986,22745,train
COc1cc(Nc2ncc(F)c(Nc3ccc4c(n3)NC(=O)C(C)(C)O4)n2)cc(OC)c1OC.O=S(=O)(O)c1ccccc1,ABL1,ABL1(Y253F),ABL1,6.275724130399211,5.7447274948966935,0.5309966355025173,wt,17117,3078,train
CCCS(=O)(=O)Nc1ccc(F)c(C(=O)c2c[nH]c3ncc(Cl)cc23)c1F,ABL1,ABL1(Y253F),ABL1,6.337242168318426,5.721246399047171,0.6159957692712545,wt,17322,2256,train
COc1cc2ncnc(Nc3ccc(F)c(Cl)c3)c2cc1OCCCN1CCOCC1,ABL1,ABL1(Y253F),ABL1,5.657577319177793,6.443697499232713,0.7861201800549198,mut,18136,3953,train
COc1cc2c(Nc3ccc(Br)cc3F)ncnc2cc1OCC1CCN(C)CC1,ABL1,ABL1(Y253F),ABL1,7.318758762624412,8.045757490560675,0.7269987279362624,mut,21693,6033,train
COc1cc(Nc2c(C#N)cnc3cc(OCCCN4CCN(C)CC4)c(OC)cc23)c(Cl)cc1Cl,ABL1,ABL1(Y253F),ABL1,9.920818753952377,10.443697499232712,0.5228787452803356,mut,22584,7631,train
COc1cc2c(Oc3ccc(NC(=O)C4(C(=O)Nc5ccc(F)cc5)CC4)cc3F)ccnc2cc1OCCCN1CCOCC1,ABL1,ABL1(Y253F),ABL1,8.2518119729938,7.431798275933005,0.8200136970607943,wt,24083,25081,val
C=CC(=O)Nc1cc2c(Nc3ccc(F)c(Cl)c3)ncnc2cc1OCCCN1CCOCC1,ABL1,ABL1(Y253F),ABL1,6.6777807052660805,7.376750709602099,0.6989700043360187,mut,24092,25884,val
Cc1ccc(NC(=O)c2ccc(CN3CCN(C)CC3)cc2)cc1Nc1nccc(-c2cccnc2)n1,ABL1,ABL1(Y253F),ABL1,8.958607314841775,6.886056647693163,2.0725506671486116,wt,25194,24718,val
Cc1ccc(-n2nc(C(C)(C)C)cc2NC(=O)Nc2ccc(OCCN3CCOCC3)c3ccccc23)cc1,ABL1,ABL1(Y253F),ABL1,6.096910013008056,5.070581074285707,1.026328938722349,wt,28008,29276,test
CNC(=O)c1cc(Oc2ccc(NC(=O)Nc3ccc(Cl)c(C(F)(F)F)c3)cc2)ccn1,ABL1,ABL1(Y253F),ABL1,6.886056647693163,6.180456064458132,0.7056005832350314,wt,29686,27546,test
C#Cc1cccc(Nc2ncnc3cc(OCCOC)c(OCCOC)cc23)c1,ABL1,ABL1(Q252H)p,ABL1,6.481486060122113,7.214670164989233,0.7331841048671199,mut,1474,3643,train
Cn1c(Nc2ccc(C(F)(F)F)cc2)nc2cc(Oc3ccnc(-c4ncc(C(F)(F)F)[nH]4)c3)ccc21,ABL1,ABL1(Q252H)p,ABL1,6.522878745280337,5.130768280269024,1.3921104650113136,wt,2471,19207,train
CCN1CCN(Cc2ccc(NC(=O)Nc3ccc(Oc4cc(NC)ncn4)cc3)cc2C(F)(F)F)CC1,ABL1,ABL1(Q252H)p,ABL1,9.167491087293763,7.508638306165727,1.6588527811280365,wt,2709,17390,train
Cc1[nH]c(C=C2C(=O)Nc3ccc(S(=O)(=O)Cc4c(Cl)cccc4Cl)cc32)c(C)c1C(=O)N1CCCC1CN1CCCC1,ABL1,ABL1(Q252H)p,ABL1,5.585026652029182,5.031517051446065,0.5535096005831166,wt,2933,12498,train
CCN(CCO)CCCOc1ccc2c(Nc3cc(CC(=O)Nc4cccc(F)c4)[nH]n3)ncnc2c1,ABL1,ABL1(Q252H)p,ABL1,5.823908740944319,5.167491087293763,0.6564176536505553,wt,7295,8343,train
CC1(C)CNc2cc(NC(=O)c3cccnc3NCc3ccncc3)ccc21,ABL1,ABL1(Q252H)p,ABL1,6.167491087293763,5.0,1.1674910872937634,wt,7538,21854,train
COC(=O)c1ccc2c(c1)NC(=O)C2=C(Nc1ccc(N(C)C(=O)CN2CCN(C)CC2)cc1)c1ccccc1,ABL1,ABL1(Q252H)p,ABL1,6.638272163982407,7.552841968657781,0.9145698046753736,mut,9471,17235,train
Cc1cnc(Nc2ccc(OCCN3CCCC3)cc2)nc1Nc1cccc(S(=O)(=O)NC(C)(C)C)c1,ABL1,ABL1(Q252H)p,ABL1,6.7447274948966935,7.267606240177032,0.5228787452803383,mut,11722,10648,train
CCN(CC)CCNC(=O)c1c(C)[nH]c(C=C2C(=O)Nc3ccc(F)cc32)c1C,ABL1,ABL1(Q252H)p,ABL1,6.568636235841013,7.119186407719209,0.5505501718781955,mut,12007,9167,train
CN(C)CC=CC(=O)Nc1cc2c(Nc3ccc(F)c(Cl)c3)ncnc2cc1OC1CCOC1,ABL1,ABL1(Q252H)p,ABL1,5.886056647693163,6.42021640338319,0.5341597556900268,mut,14629,9603,train
CC12OC(CC1(O)CO)n1c3ccccc3c3c4c(c5c6ccccc6n2c5c31)CNC4=O,ABL1,ABL1(Q252H)p,ABL1,5.494850021680094,6.080921907623926,0.5860718859438325,mut,15719,18475,train
CNC1CC2OC(C)(C1OC)n1c3ccccc3c3c4c(c5c6ccccc6n2c5c31)C(=O)NC4,ABL1,ABL1(Q252H)p,ABL1,7.431798275933005,7.958607314841775,0.5268090389087696,mut,17265,11935,train
CCCS(=O)(=O)Nc1ccc(F)c(C(=O)c2c[nH]c3ncc(Cl)cc23)c1F,ABL1,ABL1(Q252H)p,ABL1,6.337242168318426,5.3979400086720375,0.9393021596463882,wt,17322,10714,train
COc1cc2ncnc(Nc3ccc(F)c(Cl)c3)c2cc1OCCCN1CCOCC1,ABL1,ABL1(Q252H)p,ABL1,5.657577319177793,6.638272163982407,0.9806948448046136,mut,18136,4814,train
COc1cc2c(Oc3ccc(NC(=O)C4(C(=O)Nc5ccc(F)cc5)CC4)cc3F)ccnc2cc1OCCCN1CCOCC1,ABL1,ABL1(Q252H)p,ABL1,8.2518119729938,6.920818753952375,1.3309932190414244,wt,24083,25156,val
C=CC(=O)Nc1cc2c(Nc3ccc(F)c(Cl)c3)ncnc2cc1OCCCN1CCOCC1,ABL1,ABL1(Q252H)p,ABL1,6.6777807052660805,7.657577319177793,0.9797966139117129,mut,24092,25205,val
Cc1ccc(NC(=O)c2ccc(CN3CCN(C)CC3)cc2)cc1Nc1nccc(-c2cccnc2)n1,ABL1,ABL1(Q252H)p,ABL1,8.958607314841775,7.036212172654444,1.9223951421873302,wt,25194,25419,val
Cc1ccc(-n2nc(C(C)(C)C)cc2NC(=O)Nc2ccc(OCCN3CCOCC3)c3ccccc23)cc1,ABL1,ABL1(Q252H)p,ABL1,6.096910013008056,5.0,1.0969100130080562,wt,28008,29726,test
CNC(=O)c1cc(Oc2ccc(NC(=O)Nc3ccc(Cl)c(C(F)(F)F)c3)cc2)ccn1,ABL1,ABL1(Q252H)p,ABL1,6.886056647693163,5.259637310505756,1.6264193371874072,wt,29686,28847,test
C#Cc1cccc(Nc2ncnc3cc(OCCOC)c(OCCOC)cc23)c1,ABL1,ABL1(M351T),ABL1,6.481486060122113,7.180456064458132,0.6989700043360187,mut,1474,1293,train
Cn1c(Nc2ccc(C(F)(F)F)cc2)nc2cc(Oc3ccnc(-c4ncc(C(F)(F)F)[nH]4)c3)ccc21,ABL1,ABL1(M351T),ABL1,6.522878745280337,5.698970004336019,0.8239087409443187,wt,2471,21330,train
CCN1CCN(Cc2ccc(NC(=O)Nc3ccc(Oc4cc(NC)ncn4)cc3)cc2C(F)(F)F)CC1,ABL1,ABL1(M351T),ABL1,9.167491087293763,7.468521082957745,1.6989700043360187,wt,2709,11939,train
CC1(C)CNc2cc(NC(=O)c3cccnc3NCc3ccncc3)ccc21,ABL1,ABL1(M351T),ABL1,6.167491087293763,5.0,1.1674910872937634,wt,7538,18654,train
COC(=O)c1ccc2c(c1)NC(=O)C2=C(Nc1ccc(N(C)C(=O)CN2CCN(C)CC2)cc1)c1ccccc1,ABL1,ABL1(M351T),ABL1,6.638272163982407,7.2839966563652,0.6457244923827927,mut,9471,1932,train
Cc1cnc(Nc2ccc(OCCN3CCCC3)cc2)nc1Nc1cccc(S(=O)(=O)NC(C)(C)C)c1,ABL1,ABL1(M351T),ABL1,6.7447274948966935,7.301029995663981,0.5563025007672877,mut,11722,16458,train
CC12OC(CC1(O)CO)n1c3ccccc3c3c4c(c5c6ccccc6n2c5c31)CNC4=O,ABL1,ABL1(M351T),ABL1,5.494850021680094,6.107905397309519,0.6130553756294255,mut,15719,12243,train
Cc1ccc(NC(=O)c2ccc(CN3CCN(C)CC3)cc2)cc1Nc1nc(-c2cccnc2)cs1,ABL1,ABL1(M351T),ABL1,8.67778070526608,6.853871964321762,1.8239087409443187,wt,16986,3395,train
CCCS(=O)(=O)Nc1ccc(F)c(C(=O)c2c[nH]c3ncc(Cl)cc23)c1F,ABL1,ABL1(M351T),ABL1,6.337242168318426,5.585026652029182,0.7522155162892439,wt,17322,16197,train
COc1cc2ncnc(Nc3ccc(F)c(Cl)c3)c2cc1OCCCN1CCOCC1,ABL1,ABL1(M351T),ABL1,5.657577319177793,6.2839966563652006,0.6264193371874072,mut,18136,15835,train
COc1cc2c(Nc3ccc(Br)cc3F)ncnc2cc1OCC1CCN(C)CC1,ABL1,ABL1(M351T),ABL1,7.318758762624412,7.823908740944319,0.5051499783199063,mut,21693,1845,train
COc1cc(Nc2c(C#N)cnc3cc(OCCCN4CCN(C)CC4)c(OC)cc23)c(Cl)cc1Cl,ABL1,ABL1(M351T),ABL1,9.920818753952377,10.431798275933003,0.5109795219806266,mut,22584,11891,train
COc1cc2c(Oc3ccc(NC(=O)C4(C(=O)Nc5ccc(F)cc5)CC4)cc3F)ccnc2cc1OCCCN1CCOCC1,ABL1,ABL1(M351T),ABL1,8.2518119729938,7.443697499232713,0.8081144737610861,wt,24083,25598,val
C=CC(=O)Nc1cc2c(Nc3ccc(F)c(Cl)c3)ncnc2cc1OCCCN1CCOCC1,ABL1,ABL1(M351T),ABL1,6.6777807052660805,7.42021640338319,0.7424356981171094,mut,24092,25184,val
Cc1ccc(NC(=O)c2ccc(CN3CCN(C)CC3)cc2)cc1Nc1nccc(-c2cccnc2)n1,ABL1,ABL1(M351T),ABL1,8.958607314841775,7.356547323513813,1.6020599913279616,wt,25194,25604,val
O=C(c1ccc(C=Cc2n[nH]c3ccccc23)cc1)N1CCNCC1,ABL1,ABL1(M351T),ABL1,7.200659450546419,7.721246399047171,0.5205869485007524,mut,27837,27623,test
Cc1ccc(-n2nc(C(C)(C)C)cc2NC(=O)Nc2ccc(OCCN3CCOCC3)c3ccccc23)cc1,ABL1,ABL1(M351T),ABL1,6.096910013008056,5.0,1.0969100130080562,wt,28008,28710,test
CNC(=O)c1cc(Oc2ccc(NC(=O)Nc3ccc(Cl)c(C(F)(F)F)c3)cc2)ccn1,ABL1,ABL1(M351T),ABL1,6.886056647693163,5.920818753952375,0.9652378937407882,wt,29686,28887,test
CNC(=O)c1ccccc1Sc1ccc2c(C=Cc3ccccn3)n[nH]c2c1,ABL1,ABL1(T315I),ABL1,7.075720713938118,8.443697499232712,1.3679767852945943,mut,1819,13515,train
CC(Oc1cc(-c2cnn(C3CCNCC3)c2)cnc1N)c1c(Cl)ccc(F)c1Cl,ABL1,ABL1(T315I),ABL1,7.107905397309519,7.920818753952375,0.8129133566428557,mut,2173,585,train
Cn1c(Nc2ccc(C(F)(F)F)cc2)nc2cc(Oc3ccnc(-c4ncc(C(F)(F)F)[nH]4)c3)ccc21,ABL1,ABL1(T315I),ABL1,6.522878745280337,5.214670164989233,1.3082085802911045,wt,2471,13821,train
CCN1CCN(Cc2ccc(NC(=O)Nc3ccc(Oc4cc(NC)ncn4)cc3)cc2C(F)(F)F)CC1,ABL1,ABL1(T315I),ABL1,9.167491087293763,8.55284196865778,0.6146491186359828,wt,2709,19675,train
Cc1[nH]c(C=C2C(=O)Nc3ccc(F)cc32)c(C)c1C(=O)NCC(O)CN1CCOCC1,ABL1,ABL1(T315I),ABL1,6.036212172654444,6.657577319177793,0.621365146523349,mut,3151,18631,train
CC1(C)CNc2cc(NC(=O)c3cccnc3NCc3ccncc3)ccc21,ABL1,ABL1(T315I),ABL1,6.167491087293763,5.0,1.1674910872937634,wt,7538,23924,train
COC(=O)c1ccc2c(c1)NC(=O)C2=C(Nc1ccc(N(C)C(=O)CN2CCN(C)CC2)cc1)c1ccccc1,ABL1,ABL1(T315I),ABL1,6.638272163982407,7.180456064458132,0.5421839004757247,mut,9471,21159,train
Cc1ccc(Nc2nccc(N(C)c3ccc4c(C)n(C)nc4c3)n2)cc1S(N)(=O)=O,ABL1,ABL1(T315I),ABL1,6.2076083105017466,5.42021640338319,0.7873919071185567,wt,14377,6601,train
CC12OC(CC1(O)CO)n1c3ccccc3c3c4c(c5c6ccccc6n2c5c31)CNC4=O,ABL1,ABL1(T315I),ABL1,5.494850021680094,6.022276394711152,0.5274263730310587,mut,15719,19390,train
COc1cc(N2CCC(N3CCN(C)CC3)CC2)ccc1Nc1ncc(Cl)c(Nc2ccccc2S(=O)(=O)C(C)C)n1,ABL1,ABL1(T315I),ABL1,6.698970004336019,7.2839966563652,0.5850266520291809,mut,15735,18417,train
Cc1ccc(NC(=O)c2ccc(CN3CCN(C)CC3)cc2)cc1Nc1nc(-c2cccnc2)cs1,ABL1,ABL1(T315I),ABL1,8.67778070526608,5.0,3.6777807052660805,wt,16986,20787,train
CNC1CC2OC(C)(C1OC)n1c3ccccc3c3c4c(c5c6ccccc6n2c5c31)C(=O)NC4,ABL1,ABL1(T315I),ABL1,7.431798275933005,8.075720713938118,0.643922438005113,mut,17265,9034,train
CCCS(=O)(=O)Nc1ccc(F)c(C(=O)c2c[nH]c3ncc(Cl)cc23)c1F,ABL1,ABL1(T315I),ABL1,6.337242168318426,5.0,1.3372421683184257,wt,17322,480,train
Cc1cn(-c2cc(NC(=O)c3ccc(C)c(Nc4nccc(-c5cccnc5)n4)c3)cc(C(F)(F)F)c2)cn1,ABL1,ABL1(T315I),ABL1,8.0,6.180456064458132,1.8195439355418683,wt,17892,6380,train
COc1cc2ncnc(Nc3ccc(F)c(Cl)c3)c2cc1OCCCN1CCOCC1,ABL1,ABL1(T315I),ABL1,5.657577319177793,5.0,0.6575773191777934,wt,18136,22840,train
CSc1cccc(Nc2ncc3cc(-c4c(Cl)cccc4Cl)c(=O)n(C)c3n2)c1,ABL1,ABL1(T315I),ABL1,8.823908740944319,5.6777807052660805,3.146128035678238,wt,20564,20491,train
CC(C)(C)c1cc(NC(=O)Nc2ccc(-c3cn4c(n3)sc3cc(OCCN5CCOCC5)ccc34)cc2)no1,ABL1,ABL1(T315I),ABL1,5.0,5.585026652029182,0.5850266520291818,mut,22529,12537,train
COc1cc(Nc2c(C#N)cnc3cc(OCCCN4CCN(C)CC4)c(OC)cc23)c(Cl)cc1Cl,ABL1,ABL1(T315I),ABL1,9.920818753952377,7.67778070526608,2.243038048686297,wt,22584,5413,train
COc1cc2c(Oc3ccc(NC(=O)C4(C(=O)Nc5ccc(F)cc5)CC4)cc3F)ccnc2cc1OCCCN1CCOCC1,ABL1,ABL1(T315I),ABL1,8.2518119729938,7.744727494896693,0.5070844780971067,wt,24083,25347,val
C=CC(=O)Nc1cc2c(Nc3ccc(F)c(Cl)c3)ncnc2cc1OCCCN1CCOCC1,ABL1,ABL1(T315I),ABL1,6.6777807052660805,6.161150909262744,0.5166297960033361,wt,24092,26878,val
Cc1ccc(NC(=O)c2ccc(CN3CCN(C)CC3)cc2)cc1Nc1nccc(-c2cccnc2)n1,ABL1,ABL1(T315I),ABL1,8.958607314841775,5.0,3.9586073148417746,wt,25194,26943,val
CC(C)N1NC(=C2C=c3cc(O)ccc3=N2)c2c(N)ncnc21,ABL1,ABL1(T315I),ABL1,6.823908740944319,6.0,0.8239087409443187,wt,25196,25211,val
O=C(c1ccc(C=Cc2n[nH]c3ccccc23)cc1)N1CCNCC1,ABL1,ABL1(T315I),ABL1,7.200659450546419,7.920818753952375,0.7201593034059561,mut,27837,27425,test
Cc1ccc(-n2nc(C(C)(C)C)cc2NC(=O)Nc2ccc(OCCN3CCOCC3)c3ccccc23)cc1,ABL1,ABL1(T315I),ABL1,6.096910013008056,7.229147988357856,1.1322379753498,mut,28008,28512,test
CNC(=O)c1cc(Oc2ccc(NC(=O)Nc3ccc(Cl)c(C(F)(F)F)c3)cc2)ccn1,ABL1,ABL1(T315I),ABL1,6.886056647693163,6.229147988357856,0.6569086593353068,wt,29686,29625,test
Cc1nc(Nc2ncc(C(=O)Nc3c(C)cccc3Cl)s2)cc(N2CCN(CCO)CC2)n1,ABL1,ABL1(T315I),ABL1,10.537602002101044,6.050609993355088,4.486992008745957,wt,29806,27231,test
CNC(=O)c1ccccc1Sc1ccc2c(C=Cc3ccccn3)n[nH]c2c1,ABL1,ABL1(Q252H),ABL1,7.075720713938118,6.537602002101044,0.5381187118370736,wt,1819,20785,train
Cc1[nH]c(C=C2C(=O)Nc3ccc(S(=O)(=O)Cc4c(Cl)cccc4Cl)cc32)c(C)c1C(=O)N1CCCC1CN1CCCC1,ABL1,ABL1(Q252H),ABL1,5.585026652029182,5.0,0.5850266520291818,wt,2933,10654,train
COc1cc(N2CCC(N3CCN(C)CC3)CC2)ccc1Nc1ncc(Cl)c(Nc2ccccc2S(=O)(=O)C(C)C)n1,ABL1,ABL1(Q252H),ABL1,6.698970004336019,7.4089353929735005,0.7099653886374817,mut,15735,3350,train
Cc1cc(Nc2cc(N3CCN(C)CC3)nc(Sc3ccc(NC(=O)C4CC4)cc3)n2)n[nH]1,ABL1,ABL1(Q252H),ABL1,7.886056647693163,8.42021640338319,0.5341597556900268,mut,17844,8260,train
CNC(=O)c1ccccc1Sc1ccc2c(C=Cc3ccccn3)n[nH]c2c1,ABL1,ABL1(F317L)p,ABL1,7.075720713938118,6.481486060122113,0.594234653816005,wt,1819,11798,train
CC(Oc1cc(-c2cnn(C3CCNCC3)c2)cnc1N)c1c(Cl)ccc(F)c1Cl,ABL1,ABL1(F317L)p,ABL1,7.107905397309519,6.229147988357856,0.878757408951663,wt,2173,15102,train
Cn1c(Nc2ccc(C(F)(F)F)cc2)nc2cc(Oc3ccnc(-c4ncc(C(F)(F)F)[nH]4)c3)ccc21,ABL1,ABL1(F317L)p,ABL1,6.522878745280337,5.0,1.5228787452803374,wt,2471,23880,train
CCN1CCN(Cc2ccc(NC(=O)Nc3ccc(Oc4cc(NC)ncn4)cc3)cc2C(F)(F)F)CC1,ABL1,ABL1(F317L)p,ABL1,9.167491087293763,7.886056647693163,1.2814344396006003,wt,2709,12027,train
O=C(O)c1ccc(Nc2ncc3c(n2)-c2ccc(Cl)cc2C(c2c(F)cccc2F)=NC3)cc1,ABL1,ABL1(F317L)p,ABL1,5.958607314841775,5.0,0.9586073148417746,wt,3440,8587,train
CC1(C)CNc2cc(NC(=O)c3cccnc3NCc3ccncc3)ccc21,ABL1,ABL1(F317L)p,ABL1,6.167491087293763,5.113509274827518,1.0539818124662457,wt,7538,3838,train
Cc1ccc(Nc2nccc(N(C)c3ccc4c(C)n(C)nc4c3)n2)cc1S(N)(=O)=O,ABL1,ABL1(F317L)p,ABL1,6.2076083105017466,5.568636235841013,0.6389720746607335,wt,14377,18879,train
CN(C)CC=CC(=O)Nc1cc2c(Nc3ccc(F)c(Cl)c3)ncnc2cc1OC1CCOC1,ABL1,ABL1(F317L)p,ABL1,5.886056647693163,6.638272163982407,0.7522155162892439,mut,14629,17727,train
COc1cc(N2CCC(N3CCN(C)CC3)CC2)ccc1Nc1ncc(Cl)c(Nc2ccccc2S(=O)(=O)C(C)C)n1,ABL1,ABL1(F317L)p,ABL1,6.698970004336019,7.721246399047171,1.0222763947111524,mut,15735,4584,train
CN1CCC(c2c(O)cc(O)c3c(=O)cc(-c4ccccc4Cl)oc23)C(O)C1,ABL1,ABL1(F317L)p,ABL1,5.468521082957745,6.050609993355088,0.582088910397343,mut,16482,18571,train
Cc1ccc(NC(=O)c2ccc(CN3CCN(C)CC3)cc2)cc1Nc1nc(-c2cccnc2)cs1,ABL1,ABL1(F317L)p,ABL1,8.67778070526608,6.958607314841775,1.7191733904243058,wt,16986,10452,train
COc1cc(Nc2ncc(F)c(Nc3ccc4c(n3)NC(=O)C(C)(C)O4)n2)cc(OC)c1OC.O=S(=O)(O)c1ccccc1,ABL1,ABL1(F317L)p,ABL1,6.275724130399211,5.0,1.2757241303992108,wt,17117,7656,train
CCCS(=O)(=O)Nc1ccc(F)c(C(=O)c2c[nH]c3ncc(Cl)cc23)c1F,ABL1,ABL1(F317L)p,ABL1,6.337242168318426,5.2441251443275085,1.0931170239909171,wt,17322,9233,train
Cc1cc(Nc2cc(N3CCN(C)CC3)nc(Sc3ccc(NC(=O)C4CC4)cc3)n2)n[nH]1,ABL1,ABL1(F317L)p,ABL1,7.886056647693163,6.3979400086720375,1.4881166390211256,wt,17844,13525,train
CC(O)C(=O)O.CN1CCN(c2ccc3c(c2)NC(=C2C(=O)N=c4cccc(F)c4=C2N)N3)CC1.O,ABL1,ABL1(F317L)p,ABL1,7.0,5.958607314841775,1.0413926851582254,wt,19978,15563,train
COc1cc(Nc2c(C#N)cnc3cc(OCCCN4CCN(C)CC4)c(OC)cc23)c(Cl)cc1Cl,ABL1,ABL1(F317L)p,ABL1,9.920818753952377,10.537602002101044,0.6167832481486677,mut,22584,2618,train
CCC1C(=O)N(C)c2cnc(Nc3ccc(C(=O)NC4CCN(C)CC4)cc3OC)nc2N1C1CCCC1,ABL1,ABL1(F317L)p,ABL1,5.0,5.619788758288394,0.6197887582883936,mut,23713,22033,train
COc1cc2c(Oc3ccc(NC(=O)C4(C(=O)Nc5ccc(F)cc5)CC4)cc3F)ccnc2cc1OCCCN1CCOCC1,ABL1,ABL1(F317L)p,ABL1,8.2518119729938,6.769551078621726,1.4822608943720734,wt,24083,26990,val
Cc1ccc(NC(=O)c2ccc(CN3CCN(C)CC3)cc2)cc1Nc1nccc(-c2cccnc2)n1,ABL1,ABL1(F317L)p,ABL1,8.958607314841775,6.958607314841775,2.0,wt,25194,24471,val
Cc1ccc(-n2nc(C(C)(C)C)cc2NC(=O)Nc2ccc(OCCN3CCOCC3)c3ccccc23)cc1,ABL1,ABL1(F317L)p,ABL1,6.096910013008056,5.0,1.0969100130080562,wt,28008,29485,test
CNC(=O)c1cc(Oc2ccc(NC(=O)Nc3ccc(Cl)c(C(F)(F)F)c3)cc2)ccn1,ABL1,ABL1(F317L)p,ABL1,6.886056647693163,5.1487416512809245,1.7373149964122385,wt,29686,27310,test
C#Cc1cccc(Nc2ncnc3cc(OCCOC)c(OCCOC)cc23)c1,ABL1,ABL1(T315I)p,ABL1,6.481486060122113,7.229147988357856,0.7476619282357433,mut,1474,1919,train
CNC(=O)c1ccccc1Sc1ccc2c(C=Cc3ccccn3)n[nH]c2c1,ABL1,ABL1(T315I)p,ABL1,7.075720713938118,8.823908740944319,1.7481880270062007,mut,1819,17048,train
COc1cc2c(Oc3ccc4[nH]c(C)cc4c3F)ncnc2cc1OCCCN1CCCC1,ABL1,ABL1(T315I)p,ABL1,7.0,7.698970004336019,0.6989700043360187,mut,1901,18252,train
CC(Oc1cc(-c2cnn(C3CCNCC3)c2)cnc1N)c1c(Cl)ccc(F)c1Cl,ABL1,ABL1(T315I)p,ABL1,7.107905397309519,8.0,0.8920946026904808,mut,2173,4218,train
Cn1c(Nc2ccc(C(F)(F)F)cc2)nc2cc(Oc3ccnc(-c4ncc(C(F)(F)F)[nH]4)c3)ccc21,ABL1,ABL1(T315I)p,ABL1,6.522878745280337,5.0,1.5228787452803374,wt,2471,18585,train
CCN1CCN(Cc2ccc(NC(=O)Nc3ccc(Oc4cc(NC)ncn4)cc3)cc2C(F)(F)F)CC1,ABL1,ABL1(T315I)p,ABL1,9.167491087293763,7.602059991327962,1.5654310959658018,wt,2709,12586,train
Cc1[nH]c(C=C2C(=O)Nc3ccc(F)cc32)c(C)c1C(=O)NCC(O)CN1CCOCC1,ABL1,ABL1(T315I)p,ABL1,6.036212172654444,6.795880017344075,0.7596678446896306,mut,3151,238,train
Nc1nc(N)c2nc(-c3cccc(O)c3)c(-c3cccc(O)c3)nc2n1,ABL1,ABL1(T315I)p,ABL1,5.0,6.050609993355088,1.0506099933550876,mut,3521,19368,train
CCN(CCO)CCCOc1ccc2c(Nc3cc(CC(=O)Nc4cccc(F)c4)[nH]n3)ncnc2c1,ABL1,ABL1(T315I)p,ABL1,5.823908740944319,5.318758762624412,0.5051499783199063,wt,7295,12679,train
CC1(C)CNc2cc(NC(=O)c3cccnc3NCc3ccncc3)ccc21,ABL1,ABL1(T315I)p,ABL1,6.167491087293763,5.0,1.1674910872937634,wt,7538,17297,train
COC(=O)c1ccc2c(c1)NC(=O)C2=C(Nc1ccc(N(C)C(=O)CN2CCN(C)CC2)cc1)c1ccccc1,ABL1,ABL1(T315I)p,ABL1,6.638272163982407,8.0,1.361727836017593,mut,9471,3655,train
CCN(CC)CCNC(=O)c1c(C)[nH]c(C=C2C(=O)Nc3ccc(F)cc32)c1C,ABL1,ABL1(T315I)p,ABL1,6.568636235841013,7.259637310505756,0.6910010746647428,mut,12007,1631,train
Cc1ccc(Nc2nccc(N(C)c3ccc4c(C)n(C)nc4c3)n2)cc1S(N)(=O)=O,ABL1,ABL1(T315I)p,ABL1,6.2076083105017466,5.6777807052660805,0.5298276052356661,wt,14377,5850,train
CC12OC(CC1(O)CO)n1c3ccccc3c3c4c(c5c6ccccc6n2c5c31)CNC4=O,ABL1,ABL1(T315I)p,ABL1,5.494850021680094,6.795880017344075,1.3010299956639813,mut,15719,23512,train
COc1cc(N2CCC(N3CCN(C)CC3)CC2)ccc1Nc1ncc(Cl)c(Nc2ccccc2S(=O)(=O)C(C)C)n1,ABL1,ABL1(T315I)p,ABL1,6.698970004336019,8.267606240177031,1.5686362358410122,mut,15735,21714,train
Cc1ccc(NC(=O)c2ccc(CN3CCN(C)CC3)cc2)cc1Nc1nc(-c2cccnc2)cs1,ABL1,ABL1(T315I)p,ABL1,8.67778070526608,5.0,3.6777807052660805,wt,16986,18570,train
CNC1CC2OC(C)(C1OC)n1c3ccccc3c3c4c(c5c6ccccc6n2c5c31)C(=O)NC4,ABL1,ABL1(T315I)p,ABL1,7.431798275933005,8.537602002101044,1.1058037261680393,mut,17265,2292,train
CCCS(=O)(=O)Nc1ccc(F)c(C(=O)c2c[nH]c3ncc(Cl)cc23)c1F,ABL1,ABL1(T315I)p,ABL1,6.337242168318426,5.0,1.3372421683184257,wt,17322,14280,train
Cc1cn(-c2cc(NC(=O)c3ccc(C)c(Nc4nccc(-c5cccnc5)n4)c3)cc(C(F)(F)F)c2)cn1,ABL1,ABL1(T315I)p,ABL1,8.0,5.0,3.0,wt,17892,21390,train
COc1cc2ncnc(Nc3ccc(F)c(Cl)c3)c2cc1OCCCN1CCOCC1,ABL1,ABL1(T315I)p,ABL1,5.657577319177793,5.0,0.6575773191777934,wt,18136,20320,train
CC1CCN(C(=O)CC#N)CC1N(C)c1ncnc2[nH]ccc12,ABL1,ABL1(T315I)p,ABL1,5.0,5.657577319177793,0.6575773191777934,mut,19499,4609,train
COC1C(N(C)C(=O)c2ccccc2)CC2OC1(C)n1c3ccccc3c3c4c(c5c6ccccc6n2c5c31)C(=O)NC4,ABL1,ABL1(T315I)p,ABL1,5.0,6.102372908709558,1.1023729087095582,mut,19835,576,train
CC(O)C(=O)O.CN1CCN(c2ccc3c(c2)NC(=C2C(=O)N=c4cccc(F)c4=C2N)N3)CC1.O,ABL1,ABL1(T315I)p,ABL1,7.0,7.508638306165727,0.5086383061657269,mut,19978,17855,train
CSc1cccc(Nc2ncc3cc(-c4c(Cl)cccc4Cl)c(=O)n(C)c3n2)c1,ABL1,ABL1(T315I)p,ABL1,8.823908740944319,6.318758762624412,2.5051499783199063,wt,20564,16725,train
COc1cc(Nc2c(C#N)cnc3cc(OCCCN4CCN(C)CC4)c(OC)cc23)c(Cl)cc1Cl,ABL1,ABL1(T315I)p,ABL1,9.920818753952377,8.443697499232712,1.4771212547196644,wt,22584,19510,train
COc1cc2c(Oc3ccc(NC(=O)C4(C(=O)Nc5ccc(F)cc5)CC4)cc3F)ccnc2cc1OCCCN1CCOCC1,ABL1,ABL1(T315I)p,ABL1,8.2518119729938,6.508638306165727,1.7431736668280724,wt,24083,25276,val
Cc1ccc(NC(=O)c2ccc(CN3CCN(C)CC3)cc2)cc1Nc1nccc(-c2cccnc2)n1,ABL1,ABL1(T315I)p,ABL1,8.958607314841775,5.0,3.9586073148417746,wt,25194,26879,val
O=C(c1ccc(C=Cc2n[nH]c3ccccc23)cc1)N1CCNCC1,ABL1,ABL1(T315I)p,ABL1,7.200659450546419,8.229147988357855,1.0284885378114366,mut,27837,28955,test
CN1CCN(C(=O)c2cc3cc(Cl)ccc3[nH]2)CC1,ABL1,ABL1(T315I)p,ABL1,6.173925197299173,6.7447274948966935,0.5708022975975204,mut,29075,28899,test
CNC(=O)c1cc(Oc2ccc(NC(=O)Nc3ccc(Cl)c(C(F)(F)F)c3)cc2)ccn1,ABL1,ABL1(T315I)p,ABL1,6.886056647693163,5.823908740944319,1.0621479067488444,wt,29686,27351,test
Cc1nc(Nc2ncc(C(=O)Nc3c(C)cccc3Cl)s2)cc(N2CCN(CCO)CC2)n1,ABL1,ABL1(T315I)p,ABL1,10.537602002101044,6.920818753952375,3.6167832481486695,wt,29806,27291,test
C#Cc1cccc(Nc2ncnc3cc(OCCOC)c(OCCOC)cc23)c1,ABL1,ABL1(F317I),ABL1,6.481486060122113,5.086186147616283,1.3952999125058296,wt,1474,6849,train
CNC(=O)c1ccccc1Sc1ccc2c(C=Cc3ccccn3)n[nH]c2c1,ABL1,ABL1(F317I),ABL1,7.075720713938118,5.585026652029182,1.4906940619089362,wt,1819,15188,train
COc1cc2c(Oc3ccc4[nH]c(C)cc4c3F)ncnc2cc1OCCCN1CCCC1,ABL1,ABL1(F317I),ABL1,7.0,5.552841968657781,1.4471580313422194,wt,1901,13798,train
CC(Oc1cc(-c2cnn(C3CCNCC3)c2)cnc1N)c1c(Cl)ccc(F)c1Cl,ABL1,ABL1(F317I),ABL1,7.107905397309519,5.568636235841013,1.5392691614685061,wt,2173,22837,train
Cn1c(Nc2ccc(C(F)(F)F)cc2)nc2cc(Oc3ccnc(-c4ncc(C(F)(F)F)[nH]4)c3)ccc21,ABL1,ABL1(F317I),ABL1,6.522878745280337,5.107905397309519,1.4149733479708182,wt,2471,18377,train
Cc1[nH]c(C=C2C(=O)Nc3ccc(S(=O)(=O)Cc4c(Cl)cccc4Cl)cc32)c(C)c1C(=O)N1CCCC1CN1CCCC1,ABL1,ABL1(F317I),ABL1,5.585026652029182,5.0,0.5850266520291818,wt,2933,20519,train
Cc1[nH]c(C=C2C(=O)Nc3ccc(F)cc32)c(C)c1C(=O)NCC(O)CN1CCOCC1,ABL1,ABL1(F317I),ABL1,6.036212172654444,5.468521082957745,0.5676910896966998,wt,3151,23578,train
O=C(O)c1ccc(Nc2ncc3c(n2)-c2ccc(Cl)cc2C(c2c(F)cccc2F)=NC3)cc1,ABL1,ABL1(F317I),ABL1,5.958607314841775,5.0,0.9586073148417746,wt,3440,870,train
CC1(C)CNc2cc(NC(=O)c3cccnc3NCc3ccncc3)ccc21,ABL1,ABL1(F317I),ABL1,6.167491087293763,5.3979400086720375,0.7695510786217259,wt,7538,23552,train
COC(=O)c1ccc2c(c1)NC(=O)C2=C(Nc1ccc(N(C)C(=O)CN2CCN(C)CC2)cc1)c1ccccc1,ABL1,ABL1(F317I),ABL1,6.638272163982407,5.161150909262744,1.4771212547196626,wt,9471,2249,train
Cc1cnc(Nc2ccc(OCCN3CCCC3)cc2)nc1Nc1cccc(S(=O)(=O)NC(C)(C)C)c1,ABL1,ABL1(F317I),ABL1,6.7447274948966935,5.6777807052660805,1.066946789630613,wt,11722,19985,train
CCN(CC)CCNC(=O)c1c(C)[nH]c(C=C2C(=O)Nc3ccc(F)cc32)c1C,ABL1,ABL1(F317I),ABL1,6.568636235841013,5.443697499232713,1.1249387366083,wt,12007,2246,train
Cc1ccc(Nc2nccc(N(C)c3ccc4c(C)n(C)nc4c3)n2)cc1S(N)(=O)=O,ABL1,ABL1(F317I),ABL1,6.2076083105017466,5.0,1.2076083105017466,wt,14377,668,train
Cc1cc2c(F)c(Oc3ncnn4cc(OCC(C)O)c(C)c34)ccc2[nH]1,ABL1,ABL1(F317I),ABL1,5.958607314841775,5.0,0.9586073148417746,wt,16800,17024,train
Cc1ccc(NC(=O)c2ccc(CN3CCN(C)CC3)cc2)cc1Nc1nc(-c2cccnc2)cs1,ABL1,ABL1(F317I),ABL1,8.67778070526608,8.096910013008056,0.5808706922580242,wt,16986,16825,train
COc1cc(Nc2ncc(F)c(Nc3ccc4c(n3)NC(=O)C(C)(C)O4)n2)cc(OC)c1OC.O=S(=O)(O)c1ccccc1,ABL1,ABL1(F317I),ABL1,6.275724130399211,5.0,1.2757241303992108,wt,17117,4357,train
CNC1CC2OC(C)(C1OC)n1c3ccccc3c3c4c(c5c6ccccc6n2c5c31)C(=O)NC4,ABL1,ABL1(F317I),ABL1,7.431798275933005,6.259637310505756,1.1721609654272491,wt,17265,583,train
Cc1cc(Nc2cc(N3CCN(C)CC3)nc(Sc3ccc(NC(=O)C4CC4)cc3)n2)n[nH]1,ABL1,ABL1(F317I),ABL1,7.886056647693163,5.142667503568732,2.743389144124431,wt,17844,17000,train
COc1cc2ncnc(Nc3ccc(F)c(Cl)c3)c2cc1OCCCN1CCOCC1,ABL1,ABL1(F317I),ABL1,5.657577319177793,5.0,0.6575773191777934,wt,18136,15234,train
CC(O)C(=O)O.CN1CCN(c2ccc3c(c2)NC(=C2C(=O)N=c4cccc(F)c4=C2N)N3)CC1.O,ABL1,ABL1(F317I),ABL1,7.0,5.0,2.0,wt,19978,13213,train
CSc1cccc(Nc2ncc3cc(-c4c(Cl)cccc4Cl)c(=O)n(C)c3n2)c1,ABL1,ABL1(F317I),ABL1,8.823908740944319,8.301029995663981,0.5228787452803374,wt,20564,23146,train
COc1cc2c(Nc3ccc(Br)cc3F)ncnc2cc1OCC1CCN(C)CC1,ABL1,ABL1(F317I),ABL1,7.318758762624412,6.113509274827518,1.2052494877968947,wt,21693,1662,train
COc1cc(Nc2c(C#N)cnc3cc(OCCCN4CCN(C)CC4)c(OC)cc23)c(Cl)cc1Cl,ABL1,ABL1(F317I),ABL1,9.920818753952377,9.200659450546418,0.7201593034059588,wt,22584,9405,train
COc1cc2c(Oc3ccc(NC(=O)C4(C(=O)Nc5ccc(F)cc5)CC4)cc3F)ccnc2cc1OCCCN1CCOCC1,ABL1,ABL1(F317I),ABL1,8.2518119729938,7.397940008672037,0.8538719643217627,wt,24083,25605,val
C=CC(=O)Nc1cc2c(Nc3ccc(F)c(Cl)c3)ncnc2cc1OCCCN1CCOCC1,ABL1,ABL1(F317I),ABL1,6.6777807052660805,5.494850021680094,1.1829306835859867,wt,24092,25316,val
Cc1ccc(NC(=O)c2ccc(CN3CCN(C)CC3)cc2)cc1Nc1nccc(-c2cccnc2)n1,ABL1,ABL1(F317I),ABL1,8.958607314841775,8.080921907623926,0.8776854072178484,wt,25194,25064,val
CC(C)N1NC(=C2C=c3cc(O)ccc3=N2)c2c(N)ncnc21,ABL1,ABL1(F317I),ABL1,6.823908740944319,5.0,1.8239087409443187,wt,25196,26106,val
O=C(c1ccc(C=Cc2n[nH]c3ccccc23)cc1)N1CCNCC1,ABL1,ABL1(F317I),ABL1,7.200659450546419,5.795880017344075,1.4047794332023438,wt,27837,29896,test
Cc1ccc(-n2nc(C(C)(C)C)cc2NC(=O)Nc2ccc(OCCN3CCOCC3)c3ccccc23)cc1,ABL1,ABL1(F317I),ABL1,6.096910013008056,5.309803919971486,0.7871060930365701,wt,28008,28302,test
CN1CCN(C(=O)c2cc3cc(Cl)ccc3[nH]2)CC1,ABL1,ABL1(F317I),ABL1,6.173925197299173,5.0655015487564325,1.1084236485427406,wt,29075,30022,test
CNC(=O)c1cc(Oc2ccc(NC(=O)Nc3ccc(Cl)c(C(F)(F)F)c3)cc2)ccn1,ABL1,ABL1(F317I),ABL1,6.886056647693163,5.769551078621726,1.1165055690714372,wt,29686,27147,test
Cc1nc(Nc2ncc(C(=O)Nc3c(C)cccc3Cl)s2)cc(N2CCN(CCO)CC2)n1,ABL1,ABL1(F317I),ABL1,10.537602002101044,10.0,0.5376020021010444,wt,29806,28245,test
C#Cc1cccc(Nc2ncnc3cc(OCCOC)c(OCCOC)cc23)c1,ABL1,ABL1(E255K),ABL1,6.481486060122113,7.200659450546419,0.7191733904243058,mut,1474,12432,train
Cn1c(Nc2ccc(C(F)(F)F)cc2)nc2cc(Oc3ccnc(-c4ncc(C(F)(F)F)[nH]4)c3)ccc21,ABL1,ABL1(E255K),ABL1,6.522878745280337,5.0,1.5228787452803374,wt,2471,19446,train
CCN1CCN(Cc2ccc(NC(=O)Nc3ccc(Oc4cc(NC)ncn4)cc3)cc2C(F)(F)F)CC1,ABL1,ABL1(E255K),ABL1,9.167491087293763,7.1249387366083,2.0425523506854635,wt,2709,3843,train
Cc1[nH]c(C=C2C(=O)Nc3ccc(S(=O)(=O)Cc4c(Cl)cccc4Cl)cc32)c(C)c1C(=O)N1CCCC1CN1CCCC1,ABL1,ABL1(E255K),ABL1,5.585026652029182,6.113509274827518,0.5284826227983359,mut,2933,21625,train
CCN(CCO)CCCOc1ccc2c(Nc3cc(CC(=O)Nc4cccc(F)c4)[nH]n3)ncnc2c1,ABL1,ABL1(E255K),ABL1,5.823908740944319,5.017728766960432,0.8061799739838866,wt,7295,17578,train
CC1(C)CNc2cc(NC(=O)c3cccnc3NCc3ccncc3)ccc21,ABL1,ABL1(E255K),ABL1,6.167491087293763,5.0,1.1674910872937634,wt,7538,10460,train
COC(=O)c1ccc2c(c1)NC(=O)C2=C(Nc1ccc(N(C)C(=O)CN2CCN(C)CC2)cc1)c1ccccc1,ABL1,ABL1(E255K),ABL1,6.638272163982407,7.200659450546419,0.5623872865640118,mut,9471,21490,train
Cc1cnc(Nc2ccc(OCCN3CCCC3)cc2)nc1Nc1cccc(S(=O)(=O)NC(C)(C)C)c1,ABL1,ABL1(E255K),ABL1,6.7447274948966935,7.397940008672037,0.6532125137753431,mut,11722,7566,train
CC12OC(CC1(O)CO)n1c3ccccc3c3c4c(c5c6ccccc6n2c5c31)CNC4=O,ABL1,ABL1(E255K),ABL1,5.494850021680094,6.075720713938118,0.5808706922580242,mut,15719,20824,train
Cc1ccc(NC(=O)c2ccc(CN3CCN(C)CC3)cc2)cc1Nc1nc(-c2cccnc2)cs1,ABL1,ABL1(E255K),ABL1,8.67778070526608,6.853871964321762,1.8239087409443187,wt,16986,22599,train
CCCS(=O)(=O)Nc1ccc(F)c(C(=O)c2c[nH]c3ncc(Cl)cc23)c1F,ABL1,ABL1(E255K),ABL1,6.337242168318426,5.346787486224656,0.9904546820937696,wt,17322,6174,train
Cc1cc(Nc2cc(N3CCN(C)CC3)nc(Sc3ccc(NC(=O)C4CC4)cc3)n2)n[nH]1,ABL1,ABL1(E255K),ABL1,7.886056647693163,8.522878745280337,0.6368220975871743,mut,17844,20096,train
Cc1cn(-c2cc(NC(=O)c3ccc(C)c(Nc4nccc(-c5cccnc5)n4)c3)cc(C(F)(F)F)c2)cn1,ABL1,ABL1(E255K),ABL1,8.0,7.443697499232713,0.5563025007672868,wt,17892,22544,train
COc1cc2ncnc(Nc3ccc(F)c(Cl)c3)c2cc1OCCCN1CCOCC1,ABL1,ABL1(E255K),ABL1,5.657577319177793,6.3979400086720375,0.7403626894942441,mut,18136,16007,train
COc1cc2c(Nc3ccc(Br)cc3F)ncnc2cc1OCC1CCN(C)CC1,ABL1,ABL1(E255K),ABL1,7.318758762624412,7.886056647693163,0.5672978850687507,mut,21693,327,train
COc1cc2c(Oc3ccc(NC(=O)C4(C(=O)Nc5ccc(F)cc5)CC4)cc3F)ccnc2cc1OCCCN1CCOCC1,ABL1,ABL1(E255K),ABL1,8.2518119729938,6.823908740944319,1.4279032320494807,wt,24083,26307,val
C=CC(=O)Nc1cc2c(Nc3ccc(F)c(Cl)c3)ncnc2cc1OCCCN1CCOCC1,ABL1,ABL1(E255K),ABL1,6.6777807052660805,7.522878745280337,0.8450980400142569,mut,24092,24652,val
Cc1ccc(NC(=O)c2ccc(CN3CCN(C)CC3)cc2)cc1Nc1nccc(-c2cccnc2)n1,ABL1,ABL1(E255K),ABL1,8.958607314841775,6.769551078621726,2.1890562362200487,wt,25194,26673,val
Cc1ccc(-n2nc(C(C)(C)C)cc2NC(=O)Nc2ccc(OCCN3CCOCC3)c3ccccc23)cc1,ABL1,ABL1(E255K),ABL1,6.096910013008056,5.0,1.0969100130080562,wt,28008,28182,test
CNC(=O)c1cc(Oc2ccc(NC(=O)Nc3ccc(Cl)c(C(F)(F)F)c3)cc2)ccn1,ABL1,ABL1(E255K),ABL1,6.886056647693163,5.468521082957745,1.4175355647354184,wt,29686,27476,test
C#Cc1cccc(Nc2ncnc3cc(OCCOC)c(OCCOC)cc23)c1,ABL1,ABL1(H396P)p,ABL1,6.481486060122113,7.236572006437063,0.7550859463149502,mut,1474,1803,train
CNC(=O)c1ccccc1Sc1ccc2c(C=Cc3ccccn3)n[nH]c2c1,ABL1,ABL1(H396P)p,ABL1,7.075720713938118,7.638272163982407,0.562551450044289,mut,1819,14320,train
Cn1c(Nc2ccc(C(F)(F)F)cc2)nc2cc(Oc3ccnc(-c4ncc(C(F)(F)F)[nH]4)c3)ccc21,ABL1,ABL1(H396P)p,ABL1,6.522878745280337,5.251811972993799,1.271066772286538,wt,2471,16663,train
CCN1CCN(Cc2ccc(NC(=O)Nc3ccc(Oc4cc(NC)ncn4)cc3)cc2C(F)(F)F)CC1,ABL1,ABL1(H396P)p,ABL1,9.167491087293763,7.508638306165727,1.6588527811280365,wt,2709,8333,train
Cc1[nH]c(C=C2C(=O)Nc3ccc(S(=O)(=O)Cc4c(Cl)cccc4Cl)cc32)c(C)c1C(=O)N1CCCC1CN1CCCC1,ABL1,ABL1(H396P)p,ABL1,5.585026652029182,5.045757490560675,0.539269161468507,wt,2933,7955,train
CCN(CCO)CCCOc1ccc2c(Nc3cc(CC(=O)Nc4cccc(F)c4)[nH]n3)ncnc2c1,ABL1,ABL1(H396P)p,ABL1,5.823908740944319,5.0,0.8239087409443187,wt,7295,22755,train
CC1(C)CNc2cc(NC(=O)c3cccnc3NCc3ccncc3)ccc21,ABL1,ABL1(H396P)p,ABL1,6.167491087293763,5.0,1.1674910872937634,wt,7538,21846,train
COC(=O)c1ccc2c(c1)NC(=O)C2=C(Nc1ccc(N(C)C(=O)CN2CCN(C)CC2)cc1)c1ccccc1,ABL1,ABL1(H396P)p,ABL1,6.638272163982407,7.309803919971486,0.6715317559890792,mut,9471,22867,train
CC12OC(CC1(O)CO)n1c3ccccc3c3c4c(c5c6ccccc6n2c5c31)CNC4=O,ABL1,ABL1(H396P)p,ABL1,5.494850021680094,6.060480747381382,0.565630725701288,mut,15719,1182,train
Cc1ccc(NC(=O)c2ccc(CN3CCN(C)CC3)cc2)cc1Nc1nc(-c2cccnc2)cs1,ABL1,ABL1(H396P)p,ABL1,8.67778070526608,6.853871964321762,1.8239087409443187,wt,16986,9439,train
CCCS(=O)(=O)Nc1ccc(F)c(C(=O)c2c[nH]c3ncc(Cl)cc23)c1F,ABL1,ABL1(H396P)p,ABL1,6.337242168318426,5.301029995663981,1.0362121726544444,wt,17322,15746,train
Cc1cc(Nc2cc(N3CCN(C)CC3)nc(Sc3ccc(NC(=O)C4CC4)cc3)n2)n[nH]1,ABL1,ABL1(H396P)p,ABL1,7.886056647693163,8.508638306165727,0.6225816584725639,mut,17844,3366,train
COc1cc2ncnc(Nc3ccc(F)c(Cl)c3)c2cc1OCCCN1CCOCC1,ABL1,ABL1(H396P)p,ABL1,5.657577319177793,6.337242168318426,0.6796648491406323,mut,18136,21096,train
COc1cc2c(Nc3ccc(Br)cc3F)ncnc2cc1OCC1CCN(C)CC1,ABL1,ABL1(H396P)p,ABL1,7.318758762624412,7.853871964321762,0.5351132016973494,mut,21693,6878,train
CCC1C(=O)N(C)c2cnc(Nc3ccc(C(=O)NC4CCN(C)CC4)cc3OC)nc2N1C1CCCC1,ABL1,ABL1(H396P)p,ABL1,5.0,5.585026652029182,0.5850266520291818,mut,23713,4185,train
COc1cc2c(Oc3ccc(NC(=O)C4(C(=O)Nc5ccc(F)cc5)CC4)cc3F)ccnc2cc1OCCCN1CCOCC1,ABL1,ABL1(H396P)p,ABL1,8.2518119729938,6.958607314841775,1.2932046581520247,wt,24083,26635,val
C=CC(=O)Nc1cc2c(Nc3ccc(F)c(Cl)c3)ncnc2cc1OCCCN1CCOCC1,ABL1,ABL1(H396P)p,ABL1,6.6777807052660805,7.244125144327507,0.5663444390614263,mut,24092,25899,val
Cc1ccc(NC(=O)c2ccc(CN3CCN(C)CC3)cc2)cc1Nc1nccc(-c2cccnc2)n1,ABL1,ABL1(H396P)p,ABL1,8.958607314841775,7.187086643357144,1.7715206714846303,wt,25194,26233,val
Cc1ccc(-n2nc(C(C)(C)C)cc2NC(=O)Nc2ccc(OCCN3CCOCC3)c3ccccc23)cc1,ABL1,ABL1(H396P)p,ABL1,6.096910013008056,5.0,1.0969100130080562,wt,28008,29875,test
CNC(=O)c1cc(Oc2ccc(NC(=O)Nc3ccc(Cl)c(C(F)(F)F)c3)cc2)ccn1,ABL1,ABL1(H396P)p,ABL1,6.886056647693163,5.619788758288394,1.2662678894047694,wt,29686,27098,test
Nc1nc(N)c2nc(-c3cccc(O)c3)c(-c3cccc(O)c3)nc2n1,EGFR,EGFR(L858R),EGFR,5.292429823902063,5.853871964321762,0.5614421404196985,mut,16193,15443,train
CC1(C)CNc2cc(NC(=O)c3cccnc3NCc3ccncc3)ccc21,EGFR,EGFR(L858R),EGFR,5.886056647693163,5.1487416512809245,0.7373149964122385,wt,20946,17860,train
COc1cc(N2CCC(N3CCN(C)CC3)CC2)ccc1Nc1ncc(Cl)c(Nc2ccccc2S(=O)(=O)C(C)C)n1,EGFR,EGFR(L858R),EGFR,6.7447274948966935,7.337242168318426,0.5925146734217321,mut,26238,25209,val
CCN1CCN(Cc2ccc(NC(=O)Nc3ccc(Oc4cc(NC)ncn4)cc3)cc2C(F)(F)F)CC1,EGFR,EGFR(L858R),EGFR,6.2839966563652006,5.585026652029182,0.6989700043360187,wt,28129,30010,test
CC12OC(CC1(O)CO)n1c3ccccc3c3c4c(c5c6ccccc6n2c5c31)CNC4=O,EGFR,EGFR(T790M),EGFR,5.958607314841775,7.795880017344075,1.8372727025023003,mut,1935,5879,train
COc1cc(Nc2ncc(F)c(Nc3ccc4c(n3)NC(=O)C(C)(C)O4)n2)cc(OC)c1OC.O=S(=O)(O)c1ccccc1,EGFR,EGFR(T790M),EGFR,6.522878745280337,7.142667503568732,0.6197887582883945,mut,2488,7277,train
CCN(CC)CCNC(=O)c1c(C)[nH]c(C=C2C(=O)Nc3ccc(F)cc32)c1C,EGFR,EGFR(T790M),EGFR,5.0,5.619788758288394,0.6197887582883936,mut,3710,13026,train
COc1cc2c(N3CCN(C(=O)Nc4ccc(OC(C)C)cc4)CC3)ncnc2cc1OCCCN1CCCCC1,EGFR,EGFR(T790M),EGFR,6.3872161432802645,5.0,1.3872161432802645,wt,5152,13952,train
O=C(c1ccc(C=Cc2n[nH]c3ccccc23)cc1)N1CCNCC1,EGFR,EGFR(T790M),EGFR,5.0,6.251811972993799,1.2518119729937993,mut,8409,22012,train
C#Cc1cccc(Nc2ncnc3cc(OCCOC)c(OCCOC)cc23)c1,EGFR,EGFR(T790M),EGFR,9.173925197299171,6.853871964321762,2.3200532329774095,wt,8735,14972,train
COc1cc2c(Oc3ccc4[nH]c(C)cc4c3F)ncnc2cc1OCCCN1CCCC1,EGFR,EGFR(T790M),EGFR,6.638272163982407,5.886056647693163,0.7522155162892439,wt,9849,8738,train
COc1cc2ncnc(Nc3ccc(F)c(Cl)c3)c2cc1OCCCN1CCOCC1,EGFR,EGFR(T790M),EGFR,9.0,7.397940008672037,1.6020599913279634,wt,10578,1561,train
Cc1nc(Nc2ncc(C(=O)Nc3c(C)cccc3Cl)s2)cc(N2CCN(CCO)CC2)n1,EGFR,EGFR(T790M),EGFR,6.920818753952375,5.638272163982407,1.282546589969968,wt,11028,12534,train
CS(=O)(=O)CCNCc1ccc(-c2ccc3ncnc(Nc4ccc(OCc5cccc(F)c5)c(Cl)c4)c3c2)o1,EGFR,EGFR(T790M),EGFR,8.619788758288394,6.0655015487564325,2.554287209531961,wt,13606,47,train
Cn1cnc2c(F)c(Nc3ccc(Br)cc3Cl)c(C(=O)NOCCO)cc21,EGFR,EGFR(T790M),EGFR,5.154901959985743,5.657577319177793,0.5026753591920503,mut,14264,6051,train
COc1cc(Nc2c(C#N)cnc3cc(OCCCN4CCN(C)CC4)c(OC)cc23)c(Cl)cc1Cl,EGFR,EGFR(T790M),EGFR,7.455931955649724,6.468521082957745,0.9874108726919797,wt,14768,16466,train
CC(O)C(=O)O.CN1CCN(c2ccc3c(c2)NC(=C2C(=O)N=c4cccc(F)c4=C2N)N3)CC1.O,EGFR,EGFR(T790M),EGFR,5.0,5.853871964321762,0.8538719643217618,mut,15998,8665,train
COC1C(N(C)C(=O)c2ccccc2)CC2OC1(C)n1c3ccccc3c3c4c(c5c6ccccc6n2c5c31)C(=O)NC4,EGFR,EGFR(T790M),EGFR,5.886056647693163,8.008773924307505,2.122717276614342,mut,16736,19282,train
CCN(CCO)CCCOc1ccc2c(Nc3cc(CC(=O)Nc4cccc(F)c4)[nH]n3)ncnc2c1,EGFR,EGFR(T790M),EGFR,6.346787486224656,5.823908740944319,0.5228787452803374,wt,18102,3610,train
CCC1C(=O)N(C)c2cnc(Nc3ccc(C(=O)NC4CCN(C)CC4)cc3OC)nc2N1C1CCCC1,EGFR,EGFR(T790M),EGFR,5.657577319177793,6.443697499232713,0.7861201800549198,mut,19111,10297,train
CN1CCN(C(=O)c2cc3cc(Cl)ccc3[nH]2)CC1,EGFR,EGFR(T790M),EGFR,5.0,5.958607314841775,0.9586073148417746,mut,19652,5448,train
CC1(C)CNc2cc(NC(=O)c3cccnc3NCc3ccncc3)ccc21,EGFR,EGFR(T790M),EGFR,5.886056647693163,5.0,0.8860566476931631,wt,20946,2157,train
Cc1cnc(Nc2ccc(OCCN3CCCC3)cc2)nc1Nc1cccc(S(=O)(=O)NC(C)(C)C)c1,EGFR,EGFR(T790M),EGFR,5.468521082957745,6.236572006437063,0.7680509234793185,mut,21028,18958,train
CNC1CC2OC(C)(C1OC)n1c3ccccc3c3c4c(c5c6ccccc6n2c5c31)C(=O)NC4,EGFR,EGFR(T790M),EGFR,6.431798275933005,9.113509274827518,2.6817109988945127,mut,22945,17762,train
CSc1cccc(Nc2ncc3cc(-c4c(Cl)cccc4Cl)c(=O)n(C)c3n2)c1,EGFR,EGFR(T790M),EGFR,6.0,5.0,1.0,wt,24277,25367,val
COc1cc2c(Nc3ccc(Br)cc3F)ncnc2cc1OCC1CCN(C)CC1,EGFR,EGFR(T790M),EGFR,8.022276394711152,7.0,1.0222763947111524,wt,25199,25641,val
COc1cc(N2CCC(N3CCN(C)CC3)CC2)ccc1Nc1ncc(Cl)c(Nc2ccccc2S(=O)(=O)C(C)C)n1,EGFR,EGFR(T790M),EGFR,6.7447274948966935,8.148741651280925,1.4040141563842319,mut,26238,25820,val
CCN1CCN(Cc2ccc(NC(=O)Nc3ccc(Oc4cc(NC)ncn4)cc3)cc2C(F)(F)F)CC1,EGFR,EGFR(T790M),EGFR,6.2839966563652006,5.6777807052660805,0.6062159510991201,wt,28129,27406,test
COc1cc(Nc2ncc(F)c(Nc3ccc4c(n3)NC(=O)C(C)(C)O4)n2)cc(OC)c1OC.O=S(=O)(O)c1ccccc1,EGFR,EGFR(G719C),EGFR,6.522878745280337,5.0,1.5228787452803374,wt,2488,14337,train
O=C(c1ccc(C=Cc2n[nH]c3ccccc23)cc1)N1CCNCC1,EGFR,EGFR(G719C),EGFR,5.0,5.568636235841013,0.5686362358410131,mut,8409,19955,train
CN1CCC(c2c(O)cc(O)c3c(=O)cc(-c4ccccc4Cl)oc23)C(O)C1,EGFR,EGFR(G719C),EGFR,5.431798275933005,6.2839966563652006,0.8521983804321955,mut,8933,7012,train
CC(Oc1cc(-c2cnn(C3CCNCC3)c2)cnc1N)c1c(Cl)ccc(F)c1Cl,EGFR,EGFR(G719C),EGFR,5.0,5.568636235841013,0.5686362358410131,mut,10533,16440,train
Nc1nc(N)c2nc(-c3cccc(O)c3)c(-c3cccc(O)c3)nc2n1,EGFR,EGFR(G719C),EGFR,5.292429823902063,5.853871964321762,0.5614421404196985,mut,16193,10565,train
Cc1cc2c(F)c(Oc3ncnn4cc(OCC(C)O)c(C)c34)ccc2[nH]1,EGFR,EGFR(G719C),EGFR,5.0,5.522878745280337,0.5228787452803374,mut,16316,18042,train
CCN(CCO)CCCOc1ccc2c(Nc3cc(CC(=O)Nc4cccc(F)c4)[nH]n3)ncnc2c1,EGFR,EGFR(G719C),EGFR,6.346787486224656,6.920818753952375,0.5740312677277188,mut,18102,10676,train
COc1cc2c(Oc3ccc(NC(=O)C4(C(=O)Nc5ccc(F)cc5)CC4)cc3F)ccnc2cc1OCCCN1CCOCC1,EGFR,EGFR(G719C),EGFR,6.356547323513812,6.920818753952375,0.5642714304385628,mut,18557,9800,train
CCC1C(=O)N(C)c2cnc(Nc3ccc(C(=O)NC4CCN(C)CC4)cc3OC)nc2N1C1CCCC1,EGFR,EGFR(G719C),EGFR,5.657577319177793,6.200659450546418,0.5430821313686245,mut,19111,3914,train
CNC(=O)c1ccccc1Sc1ccc2c(C=Cc3ccccn3)n[nH]c2c1,EGFR,EGFR(G719C),EGFR,5.0,5.638272163982407,0.6382721639824069,mut,23846,15466,train
COc1cc(N2CCC(N3CCN(C)CC3)CC2)ccc1Nc1ncc(Cl)c(Nc2ccccc2S(=O)(=O)C(C)C)n1,EGFR,EGFR(G719C),EGFR,6.7447274948966935,5.698970004336019,1.0457574905606748,wt,26238,24578,val
CC(Oc1cc(-c2cnn(C3CCNCC3)c2)cnc1N)c1c(Cl)ccc(F)c1Cl,EGFR,EGFR(L861Q),EGFR,5.0,5.568636235841013,0.5686362358410131,mut,10533,5233,train
COc1cc2c(Oc3ccc(NC(=O)C4(C(=O)Nc5ccc(F)cc5)CC4)cc3F)ccnc2cc1OCCCN1CCOCC1,EGFR,EGFR(L861Q),EGFR,6.356547323513812,7.0655015487564325,0.7089542252426204,mut,18557,1502,train
COc1cc(Nc2ncc(F)c(Nc3ccc4c(n3)NC(=O)C(C)(C)O4)n2)cc(OC)c1OC.O=S(=O)(O)c1ccccc1,EGFR,EGFR(G719S),EGFR,6.522878745280337,5.0,1.5228787452803374,wt,2488,1415,train
Cc1cc2c(F)c(Oc3ncnn4cc(OCC(C)O)c(C)c34)ccc2[nH]1,EGFR,EGFR(G719S),EGFR,5.0,5.585026652029182,0.5850266520291818,mut,16316,6428,train
COC1C(N(C)C(=O)c2ccccc2)CC2OC1(C)n1c3ccccc3c3c4c(c5c6ccccc6n2c5c31)C(=O)NC4,EGFR,EGFR(G719S),EGFR,5.886056647693163,5.275724130399211,0.6103325172939522,wt,16736,11602,train
COc1cc(N2CCC(N3CCN(C)CC3)CC2)ccc1Nc1ncc(Cl)c(Nc2ccccc2S(=O)(=O)C(C)C)n1,EGFR,EGFR(G719S),EGFR,6.7447274948966935,5.795880017344075,0.9488474775526186,wt,26238,24217,val
COC1C(N(C)C(=O)c2ccccc2)CC2OC1(C)n1c3ccccc3c3c4c(c5c6ccccc6n2c5c31)C(=O)NC4,FLT3,FLT3(K663Q),FLT3,7.958607314841775,8.698970004336019,0.7403626894942441,mut,6856,10107,train
COc1cc2c(Oc3ccc4[nH]c(C)cc4c3F)ncnc2cc1OCCCN1CCCC1,FLT3,FLT3(K663Q),FLT3,5.0,5.638272163982407,0.6382721639824069,mut,11535,10112,train
COc1cc2c(Nc3ccc(Br)cc3F)ncnc2cc1OCC1CCN(C)CC1,FLT3,FLT3(K663Q),FLT3,6.070581074285707,6.721246399047171,0.650665324761464,mut,17816,14476,train
CN(C)CC1CCn2cc(c3ccccc32)C2=C(C(=O)NC2=O)c2cn(c3ccccc23)CCO1,FLT3,FLT3(K663Q),FLT3,5.721246399047171,6.481486060122113,0.7602396610749418,mut,17823,18935,train
Oc1cccc(-c2nc(N3CCOCC3)c3oc4ncccc4c3n2)c1,FLT3,FLT3(K663Q),FLT3,5.6020599913279625,5.0,0.6020599913279625,wt,27982,28321,test
CCCS(=O)(=O)Nc1ccc(F)c(C(=O)c2c[nH]c3ncc(Cl)cc23)c1F,KIT,KIT(D816H),KIT,6.7447274948966935,5.0,1.7447274948966935,wt,2064,8673,train
Cc1ccc(NC(=O)c2ccc(CN3CCN(C)CC3)cc2)cc1Nc1nccc(-c2cccnc2)n1,KIT,KIT(D816H),KIT,7.886056647693163,6.251811972993799,1.6342446746993637,wt,4145,3415,train
CCn1c(-c2nonc2N)nc2c(C#CC(C)(C)O)ncc(OCC3CCCNC3)c21,KIT,KIT(D816H),KIT,5.0,6.443697499232713,1.4436974992327132,mut,4356,18695,train
Cc1ccc(Nc2nccc(N(C)c3ccc4c(C)n(C)nc4c3)n2)cc1S(N)(=O)=O,KIT,KIT(D816H),KIT,8.55284196865778,6.0,2.5528419686577806,wt,4392,5685,train
CC(O)C(=O)O.CN1CCN(c2ccc3c(c2)NC(=C2C(=O)N=c4cccc(F)c4=C2N)N3)CC1.O,KIT,KIT(D816H),KIT,8.1249387366083,6.769551078621726,1.355387657986574,wt,5023,19913,train
COc1cc2c(Oc3ccc(NC(=O)C4(C(=O)Nc5ccc(F)cc5)CC4)cc3F)ccnc2cc1OCCCN1CCOCC1,KIT,KIT(D816H),KIT,8.602059991327963,7.443697499232713,1.1583624920952493,wt,5884,14142,train
Cc1cn(-c2cc(NC(=O)c3ccc(C)c(Nc4nccc(-c5cccnc5)n4)c3)cc(C(F)(F)F)c2)cn1,KIT,KIT(D816H),KIT,7.5376020021010435,6.267606240177032,1.2699957619240116,wt,6096,7443,train
Cc1cc2c(F)c(Oc3ncnn4cc(OCC(C)O)c(C)c34)ccc2[nH]1,KIT,KIT(D816H),KIT,7.443697499232713,5.0,2.443697499232713,wt,6971,10302,train
CC12OC(CC1(O)CO)n1c3ccccc3c3c4c(c5c6ccccc6n2c5c31)CNC4=O,KIT,KIT(D816H),KIT,6.823908740944319,7.958607314841775,1.134698573897456,mut,9099,4898,train
Cc1ccc(-n2nc(C(C)(C)C)cc2NC(=O)Nc2ccc(OCCN3CCOCC3)c3ccccc23)cc1,KIT,KIT(D816H),KIT,6.769551078621726,5.0,1.769551078621726,wt,9693,6244,train
CNC(=O)c1cc(Oc2ccc(NC(=O)Nc3ccc(Cl)c(C(F)(F)F)c3)cc2)ccn1,KIT,KIT(D816H),KIT,7.552841968657781,6.366531544420414,1.1863104242373668,wt,9792,10559,train
Cc1ccc(F)c(NC(=O)Nc2ccc(-c3cccc4[nH]nc(N)c34)cc2)c1,KIT,KIT(D816H),KIT,8.698970004336019,5.958607314841775,2.740362689494244,wt,10008,10253,train
CC1(C)CNc2cc(NC(=O)c3cccnc3NCc3ccncc3)ccc21,KIT,KIT(D816H),KIT,8.431798275933005,6.7447274948966935,1.6870707810363115,wt,10491,21309,train
CCN(CC)CCNC(=O)c1c(C)[nH]c(C=C2C(=O)Nc3ccc(F)cc32)c1C,KIT,KIT(D816H),KIT,9.431798275933003,6.958607314841775,2.4731909610912286,wt,10540,2358,train
Cc1cc(Nc2cc(N3CCN(C)CC3)nc(Sc3ccc(NC(=O)C4CC4)cc3)n2)n[nH]1,KIT,KIT(D816H),KIT,6.619788758288394,5.721246399047171,0.8985423592412225,wt,12952,1677,train
CCN(CCO)CCCOc1ccc2c(Nc3cc(CC(=O)Nc4cccc(F)c4)[nH]n3)ncnc2c1,KIT,KIT(D816H),KIT,7.769551078621726,5.537602002101044,2.2319490765206815,wt,14330,2581,train
CNC1CC2OC(C)(C1OC)n1c3ccccc3c3c4c(c5c6ccccc6n2c5c31)C(=O)NC4,KIT,KIT(D816H),KIT,7.721246399047171,9.366531544420411,1.64528514537324,mut,14726,7883,train
CC(C)(C)c1cc(NC(=O)Nc2ccc(-c3cn4c(n3)sc3cc(OCCN5CCOCC5)ccc34)cc2)no1,KIT,KIT(D816H),KIT,8.318758762624412,6.494850021680094,1.8239087409443187,wt,16183,20673,train
CN(C)CC1CCn2cc(c3ccccc32)C2=C(C(=O)NC2=O)c2cn(c3ccccc23)CCO1,KIT,KIT(D816H),KIT,5.0,5.823908740944319,0.8239087409443187,mut,17016,20720,train
COC1C(N(C)C(=O)c2ccccc2)CC2OC1(C)n1c3ccccc3c3c4c(c5c6ccccc6n2c5c31)C(=O)NC4,KIT,KIT(D816H),KIT,6.657577319177793,7.795880017344075,1.1383026981662816,mut,19098,14675,train
Cc1[nH]c(C=C2C(=O)Nc3ccc(F)cc32)c(C)c1C(=O)NCC(O)CN1CCOCC1,KIT,KIT(D816H),KIT,9.167491087293763,6.508638306165727,2.6588527811280365,wt,19800,11425,train
CC(C)N1NC(=C2C=c3cc(O)ccc3=N2)c2c(N)ncnc21,KIT,KIT(D816H),KIT,6.443697499232713,5.455931955649724,0.9877655435829888,wt,19906,18548,train
C=CC(=O)Nc1cc2c(Nc3ccc(F)c(Cl)c3)ncnc2cc1OCCCN1CCOCC1,KIT,KIT(D816H),KIT,5.107905397309519,6.221848749616356,1.113943352306837,mut,20681,7888,train
COc1cc2c(N3CCN(C(=O)Nc4ccc(OC(C)C)cc4)CC3)ncnc2cc1OCCCN1CCCCC1,KIT,KIT(D816H),KIT,8.568636235841012,6.920818753952375,1.6478174818886373,wt,22879,9152,train
COc1cc2c(Oc3ccc4[nH]c(C)cc4c3F)ncnc2cc1OCCCN1CCCC1,KIT,KIT(D816H),KIT,9.42021640338319,6.086186147616283,3.3340302557669066,wt,23349,12420,train
Clc1ccc(Nc2nnc(Cc3ccncc3)c3ccccc23)cc1,KIT,KIT(D816H),KIT,8.292429823902063,5.0,3.2924298239020633,wt,24940,26841,val
CCN1CCN(Cc2ccc(NC(=O)Nc3ccc(Oc4cc(NC)ncn4)cc3)cc2C(F)(F)F)CC1,KIT,KIT(D816H),KIT,8.267606240177031,7.173925197299173,1.0936810428778578,wt,26160,26457,val
CNC(=O)c1ccccc1Sc1ccc2c(C=Cc3ccccn3)n[nH]c2c1,KIT,KIT(D816H),KIT,8.494850021680094,5.376750709602099,3.1180993120779945,wt,26339,26398,val
C#Cc1cccc(Nc2ncnc3cc(OCCOC)c(OCCOC)cc23)c1,KIT,KIT(D816H),KIT,5.769551078621726,5.0,0.7695510786217259,wt,26742,24434,val
Cc1ccc(NC(=O)c2ccc(CN3CCN(C)CC3)cc2)cc1Nc1nc(-c2cccnc2)cs1,KIT,KIT(D816H),KIT,8.09151498112135,5.823908740944319,2.267606240177031,wt,26985,25484,val
COC(=O)c1ccc2c(c1)NC(=O)C2=C(Nc1ccc(N(C)C(=O)CN2CCN(C)CC2)cc1)c1ccccc1,KIT,KIT(D816H),KIT,8.244125144327509,6.508638306165727,1.7354868381617816,wt,27056,25798,val
Cn1c(Nc2ccc(C(F)(F)F)cc2)nc2cc(Oc3ccnc(-c4ncc(C(F)(F)F)[nH]4)c3)ccc21,KIT,KIT(D816H),KIT,6.698970004336019,5.060480747381382,1.638489256954637,wt,27988,28325,test
O=C(c1ccc(C=Cc2n[nH]c3ccccc23)cc1)N1CCNCC1,KIT,KIT(D816H),KIT,7.275724130399211,6.619788758288394,0.6559353721108172,wt,28030,27583,test
CN1CCN(C(=O)c2cc3cc(Cl)ccc3[nH]2)CC1,KIT,KIT(D816H),KIT,8.443697499232712,7.318758762624412,1.1249387366083,wt,29165,27070,test
CSc1cccc(Nc2ncc3cc(-c4c(Cl)cccc4Cl)c(=O)n(C)c3n2)c1,KIT,KIT(D816H),KIT,8.744727494896694,6.327902142064283,2.4168253528324106,wt,29397,27226,test
COc1cc(Nc2c(C#N)cnc3cc(OCCCN4CCN(C)CC4)c(OC)cc23)c(Cl)cc1Cl,KIT,KIT(D816V),KIT,6.376750709602099,7.136677139879544,0.7599264302774449,mut,189,20804,train
Cc1[nH]nc2ccc(-c3cncc(OCC(N)Cc4ccccc4)c3)cc12,KIT,KIT(D816V),KIT,5.0,6.0,1.0,mut,831,9370,train
CCCS(=O)(=O)Nc1ccc(F)c(C(=O)c2c[nH]c3ncc(Cl)cc23)c1F,KIT,KIT(D816V),KIT,6.7447274948966935,5.508638306165727,1.2360891887309666,wt,2064,4347,train
Cc1ccc(NC(=O)c2ccc(CN3CCN(C)CC3)cc2)cc1Nc1nccc(-c2cccnc2)n1,KIT,KIT(D816V),KIT,7.886056647693163,6.008773924307505,1.8772827233856582,wt,4145,23310,train
CCn1c(-c2nonc2N)nc2c(C#CC(C)(C)O)ncc(OCC3CCCNC3)c21,KIT,KIT(D816V),KIT,5.0,6.886056647693163,1.886056647693163,mut,4356,14816,train
Cc1ccc(Nc2nccc(N(C)c3ccc4c(C)n(C)nc4c3)n2)cc1S(N)(=O)=O,KIT,KIT(D816V),KIT,8.55284196865778,6.301029995663981,2.2518119729937993,wt,4392,3560,train
CC(O)C(=O)O.CN1CCN(c2ccc3c(c2)NC(=C2C(=O)N=c4cccc(F)c4=C2N)N3)CC1.O,KIT,KIT(D816V),KIT,8.1249387366083,5.853871964321762,2.271066772286538,wt,5023,1457,train
COc1cc2c(Oc3ccc(NC(=O)C4(C(=O)Nc5ccc(F)cc5)CC4)cc3F)ccnc2cc1OCCCN1CCOCC1,KIT,KIT(D816V),KIT,8.602059991327963,8.017728766960431,0.5843312243675314,wt,5884,8160,train
Cc1cn(-c2cc(NC(=O)c3ccc(C)c(Nc4nccc(-c5cccnc5)n4)c3)cc(C(F)(F)F)c2)cn1,KIT,KIT(D816V),KIT,7.5376020021010435,6.113509274827518,1.4240927272735258,wt,6096,23987,train
Cn1cc(C2=C(c3cn(C4CCN(Cc5ccccn5)CC4)c4ccccc34)C(=O)NC2=O)c2ccccc21,KIT,KIT(D816V),KIT,5.0,5.958607314841775,0.9586073148417746,mut,6876,16828,train
Cc1cc2c(F)c(Oc3ncnn4cc(OCC(C)O)c(C)c34)ccc2[nH]1,KIT,KIT(D816V),KIT,7.443697499232713,5.3979400086720375,2.0457574905606757,wt,6971,22551,train
COc1cc(N2CCC(N3CCN(C)CC3)CC2)ccc1Nc1ncc(Cl)c(Nc2ccccc2S(=O)(=O)C(C)C)n1,KIT,KIT(D816V),KIT,6.958607314841775,7.585026652029182,0.6264193371874072,mut,7664,11163,train
CC12OC(CC1(O)CO)n1c3ccccc3c3c4c(c5c6ccccc6n2c5c31)CNC4=O,KIT,KIT(D816V),KIT,6.823908740944319,8.148741651280925,1.3248329103366068,mut,9099,3082,train
Cc1ccc(-n2nc(C(C)(C)C)cc2NC(=O)Nc2ccc(OCCN3CCOCC3)c3ccccc23)cc1,KIT,KIT(D816V),KIT,6.769551078621726,5.0,1.769551078621726,wt,9693,244,train
CNC(=O)c1cc(Oc2ccc(NC(=O)Nc3ccc(Cl)c(C(F)(F)F)c3)cc2)ccn1,KIT,KIT(D816V),KIT,7.552841968657781,6.508638306165727,1.0442036624920537,wt,9792,602,train
Cc1ccc(F)c(NC(=O)Nc2ccc(-c3cccc4[nH]nc(N)c34)cc2)c1,KIT,KIT(D816V),KIT,8.698970004336019,7.091514981121351,1.6074550232146674,wt,10008,4267,train
CC1(C)CNc2cc(NC(=O)c3cccnc3NCc3ccncc3)ccc21,KIT,KIT(D816V),KIT,8.431798275933005,6.3872161432802645,2.0445821326527405,wt,10491,8510,train
CCN(CC)CCNC(=O)c1c(C)[nH]c(C=C2C(=O)Nc3ccc(F)cc32)c1C,KIT,KIT(D816V),KIT,9.431798275933003,6.42021640338319,3.0115818725498134,wt,10540,8793,train
Cc1nc(Nc2ncc(C(=O)Nc3c(C)cccc3Cl)s2)cc(N2CCN(CCO)CC2)n1,KIT,KIT(D816V),KIT,9.09151498112135,8.585026652029182,0.5064883290921678,wt,12484,3533,train
CCN(CCO)CCCOc1ccc2c(Nc3cc(CC(=O)Nc4cccc(F)c4)[nH]n3)ncnc2c1,KIT,KIT(D816V),KIT,7.769551078621726,5.337242168318426,2.4323089103033,wt,14330,2389,train
CNC1CC2OC(C)(C1OC)n1c3ccccc3c3c4c(c5c6ccccc6n2c5c31)C(=O)NC4,KIT,KIT(D816V),KIT,7.721246399047171,9.193820026016112,1.4725736269689413,mut,14726,5721,train
CC(C)(C)c1cc(NC(=O)Nc2ccc(-c3cn4c(n3)sc3cc(OCCN5CCOCC5)ccc34)cc2)no1,KIT,KIT(D816V),KIT,8.318758762624412,6.823908740944319,1.4948500216800937,wt,16183,731,train
CN(C)CC1CCn2cc(c3ccccc32)C2=C(C(=O)NC2=O)c2cn(c3ccccc23)CCO1,KIT,KIT(D816V),KIT,5.0,6.119186407719209,1.1191864077192086,mut,17016,10203,train
COC1C(N(C)C(=O)c2ccccc2)CC2OC1(C)n1c3ccccc3c3c4c(c5c6ccccc6n2c5c31)C(=O)NC4,KIT,KIT(D816V),KIT,6.657577319177793,8.113509274827518,1.4559319556497243,mut,19098,13386,train
Cc1[nH]c(C=C2C(=O)Nc3ccc(F)cc32)c(C)c1C(=O)NCC(O)CN1CCOCC1,KIT,KIT(D816V),KIT,9.167491087293763,6.468521082957745,2.6989700043360187,wt,19800,9198,train
COc1cc2c(N3CCN(C(=O)Nc4ccc(OC(C)C)cc4)CC3)ncnc2cc1OCCCN1CCCCC1,KIT,KIT(D816V),KIT,8.568636235841012,7.5376020021010435,1.0310342337399687,wt,22879,3404,train
COc1cc2c(Oc3ccc4[nH]c(C)cc4c3F)ncnc2cc1OCCCN1CCCC1,KIT,KIT(D816V),KIT,9.42021640338319,6.4089353929735005,3.0112810104096894,wt,23349,11116,train
Clc1ccc(Nc2nnc(Cc3ccncc3)c3ccccc23)cc1,KIT,KIT(D816V),KIT,8.292429823902063,5.0,3.2924298239020633,wt,24940,26170,val
CCN1CCN(Cc2ccc(NC(=O)Nc3ccc(Oc4cc(NC)ncn4)cc3)cc2C(F)(F)F)CC1,KIT,KIT(D816V),KIT,8.267606240177031,6.443697499232713,1.8239087409443178,wt,26160,24155,val
Cc1[nH]c(C=C2C(=O)Nc3ccc(S(=O)(=O)Cc4c(Cl)cccc4Cl)cc32)c(C)c1C(=O)N1CCCC1CN1CCCC1,KIT,KIT(D816V),KIT,5.494850021680094,6.229147988357856,0.7342979666777625,mut,26285,25038,val
CNC(=O)c1ccccc1Sc1ccc2c(C=Cc3ccccn3)n[nH]c2c1,KIT,KIT(D816V),KIT,8.494850021680094,5.886056647693163,2.6087933739869307,wt,26339,25344,val
Cc1ccc(NC(=O)c2ccc(CN3CCN(C)CC3)cc2)cc1Nc1nc(-c2cccnc2)cs1,KIT,KIT(D816V),KIT,8.09151498112135,5.886056647693163,2.2054583334281865,wt,26985,25985,val
COC(=O)c1ccc2c(c1)NC(=O)C2=C(Nc1ccc(N(C)C(=O)CN2CCN(C)CC2)cc1)c1ccccc1,KIT,KIT(D816V),KIT,8.244125144327509,7.327902142064283,0.9162230022632256,wt,27056,24250,val
Cn1c(Nc2ccc(C(F)(F)F)cc2)nc2cc(Oc3ccnc(-c4ncc(C(F)(F)F)[nH]4)c3)ccc21,KIT,KIT(D816V),KIT,6.698970004336019,5.2076083105017466,1.4913616938342722,wt,27988,29171,test
CN1CCN(C(=O)c2cc3cc(Cl)ccc3[nH]2)CC1,KIT,KIT(D816V),KIT,8.443697499232712,7.744727494896693,0.6989700043360196,wt,29165,30007,test
CSc1cccc(Nc2ncc3cc(-c4c(Cl)cccc4Cl)c(=O)n(C)c3n2)c1,KIT,KIT(D816V),KIT,8.744727494896694,7.455931955649724,1.2887955392469692,wt,29397,28791,test
CCCS(=O)(=O)Nc1ccc(F)c(C(=O)c2c[nH]c3ncc(Cl)cc23)c1F,KIT,KIT(V559D),KIT,6.7447274948966935,7.42021640338319,0.6754889084864963,mut,2064,14872,train
Clc1ccc(Nc2nnc(Cc3ccncc3)c3ccccc23)cc1,KIT,KIT(V559D),KIT,8.292429823902063,7.769551078621726,0.5228787452803374,wt,24940,25437,val
CNC(=O)c1ccccc1Sc1ccc2c(C=Cc3ccccn3)n[nH]c2c1,KIT,KIT(V559D),KIT,8.494850021680094,9.309803919971486,0.8149538982913924,mut,26339,24716,val
CCCS(=O)(=O)Nc1ccc(F)c(C(=O)c2c[nH]c3ncc(Cl)cc23)c1F,KIT,KIT(A829P),KIT,6.7447274948966935,5.236572006437063,1.5081554884596304,wt,2064,23929,train
CCn1c(-c2nonc2N)nc2c(C#CC(C)(C)O)ncc(OCC3CCCNC3)c21,KIT,KIT(A829P),KIT,5.0,5.7447274948966935,0.7447274948966935,mut,4356,16254,train
Cc1ccc(Nc2nccc(N(C)c3ccc4c(C)n(C)nc4c3)n2)cc1S(N)(=O)=O,KIT,KIT(A829P),KIT,8.55284196865778,7.481486060122113,1.0713559085356676,wt,4392,9708,train
CC(O)C(=O)O.CN1CCN(c2ccc3c(c2)NC(=C2C(=O)N=c4cccc(F)c4=C2N)N3)CC1.O,KIT,KIT(A829P),KIT,8.1249387366083,7.346787486224656,0.7781512503836439,wt,5023,7298,train
Cc1cc2c(F)c(Oc3ncnn4cc(OCC(C)O)c(C)c34)ccc2[nH]1,KIT,KIT(A829P),KIT,7.443697499232713,5.0,2.443697499232713,wt,6971,1307,train
COc1cc2ncnc(Nc3ccc(F)c(Cl)c3)c2cc1OCCCN1CCOCC1,KIT,KIT(A829P),KIT,5.0,5.7447274948966935,0.7447274948966935,mut,7329,11339,train
CC12OC(CC1(O)CO)n1c3ccccc3c3c4c(c5c6ccccc6n2c5c31)CNC4=O,KIT,KIT(A829P),KIT,6.823908740944319,7.455931955649724,0.6320232147054057,mut,9099,17921,train
Cc1ccc(-n2nc(C(C)(C)C)cc2NC(=O)Nc2ccc(OCCN3CCOCC3)c3ccccc23)cc1,KIT,KIT(A829P),KIT,6.769551078621726,5.853871964321762,0.9156791142999641,wt,9693,11242,train
Cc1ccc(F)c(NC(=O)Nc2ccc(-c3cccc4[nH]nc(N)c34)cc2)c1,KIT,KIT(A829P),KIT,8.698970004336019,7.769551078621726,0.9294189257142929,wt,10008,13639,train
CC1(C)CNc2cc(NC(=O)c3cccnc3NCc3ccncc3)ccc21,KIT,KIT(A829P),KIT,8.431798275933005,7.823908740944319,0.6078895349886864,wt,10491,17956,train
CCN(CC)CCNC(=O)c1c(C)[nH]c(C=C2C(=O)Nc3ccc(F)cc32)c1C,KIT,KIT(A829P),KIT,9.431798275933003,7.366531544420414,2.0652667315125894,wt,10540,16019,train
CCN(CCO)CCCOc1ccc2c(Nc3cc(CC(=O)Nc4cccc(F)c4)[nH]n3)ncnc2c1,KIT,KIT(A829P),KIT,7.769551078621726,6.221848749616356,1.5477023290053697,wt,14330,19260,train
CNC1CC2OC(C)(C1OC)n1c3ccccc3c3c4c(c5c6ccccc6n2c5c31)C(=O)NC4,KIT,KIT(A829P),KIT,7.721246399047171,9.221848749616356,1.500602350569185,mut,14726,20938,train
COC1C(N(C)C(=O)c2ccccc2)CC2OC1(C)n1c3ccccc3c3c4c(c5c6ccccc6n2c5c31)C(=O)NC4,KIT,KIT(A829P),KIT,6.657577319177793,7.366531544420414,0.7089542252426204,mut,19098,12670,train
Cc1[nH]c(C=C2C(=O)Nc3ccc(F)cc32)c(C)c1C(=O)NCC(O)CN1CCOCC1,KIT,KIT(A829P),KIT,9.167491087293763,7.267606240177032,1.8998848471167316,wt,19800,581,train
CC(C)N1NC(=C2C=c3cc(O)ccc3=N2)c2c(N)ncnc21,KIT,KIT(A829P),KIT,6.443697499232713,5.795880017344075,0.6478174818886382,wt,19906,22863,train
C=CC(=O)Nc1cc2c(Nc3ccc(F)c(Cl)c3)ncnc2cc1OCCCN1CCOCC1,KIT,KIT(A829P),KIT,5.107905397309519,6.154901959985743,1.0469965626762239,mut,20681,4707,train
COc1cc2c(N3CCN(C(=O)Nc4ccc(OC(C)C)cc4)CC3)ncnc2cc1OCCCN1CCCCC1,KIT,KIT(A829P),KIT,8.568636235841012,7.638272163982407,0.9303640718586053,wt,22879,21934,train
COc1cc2c(Oc3ccc4[nH]c(C)cc4c3F)ncnc2cc1OCCCN1CCCC1,KIT,KIT(A829P),KIT,9.42021640338319,7.008773924307505,2.411442479075685,wt,23349,19379,train
Clc1ccc(Nc2nnc(Cc3ccncc3)c3ccccc23)cc1,KIT,KIT(A829P),KIT,8.292429823902063,5.0,3.2924298239020633,wt,24940,26446,val
CNC(=O)c1ccccc1Sc1ccc2c(C=Cc3ccccn3)n[nH]c2c1,KIT,KIT(A829P),KIT,8.494850021680094,5.7447274948966935,2.7501225267834,wt,26339,25028,val
C#Cc1cccc(Nc2ncnc3cc(OCCOC)c(OCCOC)cc23)c1,KIT,KIT(A829P),KIT,5.769551078621726,5.0,0.7695510786217259,wt,26742,25556,val
COC(=O)c1ccc2c(c1)NC(=O)C2=C(Nc1ccc(N(C)C(=O)CN2CCN(C)CC2)cc1)c1ccccc1,KIT,KIT(A829P),KIT,8.244125144327509,7.060480747381382,1.1836443969461268,wt,27056,25789,val
COc1cc2c(Nc3ccc(Br)cc3F)ncnc2cc1OCC1CCN(C)CC1,KIT,KIT(A829P),KIT,6.585026652029182,7.468521082957745,0.8834944309285628,mut,27856,29429,test
Cn1c(Nc2ccc(C(F)(F)F)cc2)nc2cc(Oc3ccnc(-c4ncc(C(F)(F)F)[nH]4)c3)ccc21,KIT,KIT(A829P),KIT,6.698970004336019,6.00436480540245,0.6946051989335684,wt,27988,27878,test
O=C(c1ccc(C=Cc2n[nH]c3ccccc23)cc1)N1CCNCC1,KIT,KIT(A829P),KIT,7.275724130399211,6.0655015487564325,1.2102225816427783,wt,28030,27734,test
CN1CCN(C(=O)c2cc3cc(Cl)ccc3[nH]2)CC1,KIT,KIT(A829P),KIT,8.443697499232712,7.221848749616356,1.2218487496163561,wt,29165,27128,test
CSc1cccc(Nc2ncc3cc(-c4c(Cl)cccc4Cl)c(=O)n(C)c3n2)c1,KIT,KIT(A829P),KIT,8.744727494896694,7.229147988357856,1.5155795065388373,wt,29397,28207,test
CCn1c(-c2nonc2N)nc2c(C#CC(C)(C)O)ncc(OCC3CCCNC3)c21,KIT,KIT(L576P),KIT,5.0,5.585026652029182,0.5850266520291818,mut,4356,12114,train
CC(O)C(=O)O.CN1CCN(c2ccc3c(c2)NC(=C2C(=O)N=c4cccc(F)c4=C2N)N3)CC1.O,KIT,KIT(L576P),KIT,8.1249387366083,8.795880017344075,0.6709412807357751,mut,5023,3268,train
CC12OC(CC1(O)CO)n1c3ccccc3c3c4c(c5c6ccccc6n2c5c31)CNC4=O,KIT,KIT(L576P),KIT,6.823908740944319,7.397940008672037,0.574031267727718,mut,9099,5366,train
CCN(CC)CCNC(=O)c1c(C)[nH]c(C=C2C(=O)Nc3ccc(F)cc32)c1C,KIT,KIT(L576P),KIT,9.431798275933003,8.886056647693163,0.5457416282398402,wt,10540,2794,train
COC1C(N(C)C(=O)c2ccccc2)CC2OC1(C)n1c3ccccc3c3c4c(c5c6ccccc6n2c5c31)C(=O)NC4,KIT,KIT(L576P),KIT,6.657577319177793,7.387216143280264,0.7296388241024703,mut,19098,23398,train
Clc1ccc(Nc2nnc(Cc3ccncc3)c3ccccc23)cc1,KIT,KIT(L576P),KIT,8.292429823902063,6.958607314841775,1.3338225090602887,wt,24940,24820,val
N#CCC(C1CCCC1)n1cc(-c2ncnc3[nH]ccc23)cn1.O=P(O)(O)O,LRRK2,LRRK2(G2019S),LRRK2,6.537602002101044,7.045757490560675,0.5081554884596304,mut,315,20493,train
CC(C)N1NC(=C2C=c3cc(O)ccc3=N2)c2c(N)ncnc21,LRRK2,LRRK2(G2019S),LRRK2,6.537602002101044,5.769551078621726,0.7680509234793185,wt,6054,22717,train
CNC1CC2OC(C)(C1OC)n1c3ccccc3c3c4c(c5c6ccccc6n2c5c31)C(=O)NC4,LRRK2,LRRK2(G2019S),LRRK2,8.508638306165727,9.4089353929735,0.9002970868077735,mut,12646,1540,train
CCN1CCN(Cc2ccc(NC(=O)Nc3ccc(Oc4cc(NC)ncn4)cc3)cc2C(F)(F)F)CC1,LRRK2,LRRK2(G2019S),LRRK2,6.022276394711152,5.356547323513812,0.6657290711973403,wt,22390,8856,train
O=C(c1ccc(C=Cc2n[nH]c3ccccc23)cc1)N1CCNCC1,LRRK2,LRRK2(G2019S),LRRK2,6.455931955649724,7.346787486224656,0.8908555305749317,mut,23811,18752,train
COC1C(N(C)C(=O)c2ccccc2)CC2OC1(C)n1c3ccccc3c3c4c(c5c6ccccc6n2c5c31)C(=O)NC4,LRRK2,LRRK2(G2019S),LRRK2,6.2441251443275085,6.7447274948966935,0.500602350569185,mut,24452,24565,val
CN1CCN(C(=O)c2cc3cc(Cl)ccc3[nH]2)CC1,MET,MET(Y1235D),MET,6.173925197299173,5.267606240177032,0.9063189571221413,wt,4171,20538,train
CC12OC(CC1(O)CO)n1c3ccccc3c3c4c(c5c6ccccc6n2c5c31)CNC4=O,MET,MET(Y1235D),MET,6.537602002101044,7.387216143280264,0.8496141411792193,mut,4380,3505,train
CCN1CCN(Cc2ccc(NC(=O)Nc3ccc(Oc4cc(NC)ncn4)cc3)cc2C(F)(F)F)CC1,MET,MET(Y1235D),MET,5.356547323513812,6.130768280269024,0.7742209567552116,mut,4564,12328,train
C=CC(=O)Nc1cc2c(Nc3ccc(F)c(Cl)c3)ncnc2cc1OCCCN1CCOCC1,MET,MET(Y1235D),MET,5.251811972993799,6.080921907623926,0.8291099346301269,mut,4577,16246,train
C#Cc1cccc(Nc2ncnc3cc(OCCOC)c(OCCOC)cc23)c1,MET,MET(Y1235D),MET,5.42021640338319,5.958607314841775,0.5383909114585848,mut,7750,14635,train
CCC1C(=O)N(C)c2cnc(Nc3ccc(C(=O)NC4CCN(C)CC4)cc3OC)nc2N1C1CCCC1,MET,MET(Y1235D),MET,5.619788758288394,5.0,0.6197887582883936,wt,11340,17222,train
O=C(c1ccc(C=Cc2n[nH]c3ccccc23)cc1)N1CCNCC1,MET,MET(Y1235D),MET,6.769551078621726,6.2441251443275085,0.5254259342942174,wt,12215,21061,train
Cn1c(Nc2ccc(C(F)(F)F)cc2)nc2cc(Oc3ccnc(-c4ncc(C(F)(F)F)[nH]4)c3)ccc21,MET,MET(Y1235D),MET,5.2076083105017466,5.853871964321762,0.6462636538200153,mut,17073,6432,train
Cn1cc(-c2ccc3nnc(Sc4ccc5ncccc5c4)n3n2)cn1,MET,MET(Y1235D),MET,9.721246399047171,8.4089353929735,1.3123110060736707,wt,27577,29473,test
CCN1CCN(Cc2ccc(NC(=O)Nc3ccc(Oc4cc(NC)ncn4)cc3)cc2C(F)(F)F)CC1,RET,RET(V804M),RET,7.769551078621726,8.494850021680094,0.7252989430583678,mut,450,19188,train
CSc1cccc(Nc2ncc3cc(-c4c(Cl)cccc4Cl)c(=O)n(C)c3n2)c1,RET,RET(V804M),RET,7.1487416512809245,5.221848749616356,1.9268929016645684,wt,1132,20705,train
C#Cc1cccc(Nc2ncnc3cc(OCCOC)c(OCCOC)cc23)c1,RET,RET(V804M),RET,5.886056647693163,5.0,0.8860566476931631,wt,1737,22661,train
Cc1cn(-c2cc(NC(=O)c3ccc(C)c(Nc4nccc(-c5cccnc5)n4)c3)cc(C(F)(F)F)c2)cn1,RET,RET(V804M),RET,6.060480747381382,5.0,1.0604807473813818,wt,2355,18232,train
COc1cc2c(Oc3ccc(NC(=O)C4(C(=O)Nc5ccc(F)cc5)CC4)cc3F)ccnc2cc1OCCCN1CCOCC1,RET,RET(V804M),RET,9.130768280269024,8.55284196865778,0.5779263116112432,wt,3540,16269,train
Cc1cc2c(F)c(Oc3ncnn4cc(OCC(C)O)c(C)c34)ccc2[nH]1,RET,RET(V804M),RET,6.4089353929735005,5.0,1.4089353929735005,wt,5088,6489,train
COc1cc2c(Nc3ccc(Br)cc3F)ncnc2cc1OCC1CCN(C)CC1,RET,RET(V804M),RET,7.468521082957745,5.0,2.4685210829577446,wt,6355,17789,train
O=C(c1ccc(C=Cc2n[nH]c3ccccc23)cc1)N1CCNCC1,RET,RET(V804M),RET,6.823908740944319,7.455931955649724,0.6320232147054057,mut,9064,6207,train
CNC(=O)c1ccccc1Sc1ccc2c(C=Cc3ccccn3)n[nH]c2c1,RET,RET(V804M),RET,6.920818753952375,5.795880017344075,1.1249387366083,wt,10146,4743,train
Cc1ccc(Nc2nccc(N(C)c3ccc4c(C)n(C)nc4c3)n2)cc1S(N)(=O)=O,RET,RET(V804M),RET,6.508638306165727,5.638272163982407,0.87036614218332,wt,12136,14673,train
COC(=O)c1ccc2c(c1)NC(=O)C2=C(Nc1ccc(N(C)C(=O)CN2CCN(C)CC2)cc1)c1ccccc1,RET,RET(V804M),RET,7.508638306165727,8.017728766960431,0.5090904607947042,mut,15458,3591,train
Cc1nc(Nc2ncc(C(=O)Nc3c(C)cccc3Cl)s2)cc(N2CCN(CCO)CC2)n1,RET,RET(V804M),RET,6.136677139879544,5.0,1.136677139879544,wt,16238,1241,train
Cc1[nH]nc2ccc(-c3cncc(OCC(N)Cc4ccccc4)c3)cc12,RET,RET(V804M),RET,5.0,6.7447274948966935,1.7447274948966935,mut,16893,20990,train
N#CCC(C1CCCC1)n1cc(-c2ncnc3[nH]ccc23)cn1.O=P(O)(O)O,RET,RET(V804M),RET,6.142667503568732,6.721246399047171,0.5785788954784392,mut,18271,16727,train
COc1cc2c(Oc3ccc4[nH]c(C)cc4c3F)ncnc2cc1OCCCN1CCCC1,RET,RET(V804M),RET,8.214670164989233,5.42021640338319,2.794453761606043,wt,18414,4417,train
CC(C)N1NC(=C2C=c3cc(O)ccc3=N2)c2c(N)ncnc21,RET,RET(V804M),RET,8.318758762624412,6.468521082957745,1.8502376796666677,wt,19064,5520,train
CC1(C)CNc2cc(NC(=O)c3cccnc3NCc3ccncc3)ccc21,RET,RET(V804M),RET,7.853871964321762,5.0,2.853871964321762,wt,20397,22654,train
COC1C(N(C)C(=O)c2ccccc2)CC2OC1(C)n1c3ccccc3c3c4c(c5c6ccccc6n2c5c31)C(=O)NC4,RET,RET(V804M),RET,6.455931955649724,7.698970004336019,1.2430380486862944,mut,24059,23789,train
CN1CCN(C(=O)c2cc3cc(Cl)ccc3[nH]2)CC1,RET,RET(V804M),RET,8.036212172654444,9.080921907623926,1.0447097349694818,mut,24857,26246,val
Cc1ccc(-n2nc(C(C)(C)C)cc2NC(=O)Nc2ccc(OCCN3CCOCC3)c3ccccc23)cc1,RET,RET(V804M),RET,6.301029995663981,5.0,1.3010299956639813,wt,28386,30001,test
CC12OC(CC1(O)CO)n1c3ccccc3c3c4c(c5c6ccccc6n2c5c31)CNC4=O,RET,RET(V804M),RET,7.698970004336019,8.327902142064282,0.6289321377282633,mut,28536,28262,test
CCN1CCN(Cc2ccc(NC(=O)Nc3ccc(Oc4cc(NC)ncn4)cc3)cc2C(F)(F)F)CC1,RET,RET(M918T),RET,7.769551078621726,8.346787486224656,0.5772364076029302,mut,450,5599,train
C#Cc1cccc(Nc2ncnc3cc(OCCOC)c(OCCOC)cc23)c1,RET,RET(M918T),RET,5.886056647693163,6.481486060122113,0.5954294124289499,mut,1737,16357,train
CCn1c(-c2nonc2N)nc2c(C#CC(C)(C)O)ncc(OCC3CCCNC3)c21,RET,RET(M918T),RET,5.0,5.886056647693163,0.8860566476931631,mut,8888,7725,train
O=C(c1ccc(C=Cc2n[nH]c3ccccc23)cc1)N1CCNCC1,RET,RET(M918T),RET,6.823908740944319,7.327902142064283,0.5039934011199643,mut,9064,6676,train
CC(Oc1cc(-c2cnn(C3CCNCC3)c2)cnc1N)c1c(Cl)ccc(F)c1Cl,RET,RET(M918T),RET,5.0,5.886056647693163,0.8860566476931631,mut,16135,19150,train
C=CC(=O)Nc1cc2c(Nc3ccc(F)c(Cl)c3)ncnc2cc1OCCCN1CCOCC1,RET,RET(M918T),RET,5.376750709602099,6.075720713938118,0.6989700043360187,mut,27255,29585,test
CCN1CCN(Cc2ccc(NC(=O)Nc3ccc(Oc4cc(NC)ncn4)cc3)cc2C(F)(F)F)CC1,RET,RET(V804L),RET,7.769551078621726,8.366531544420413,0.596980465798687,mut,450,11417,train
CSc1cccc(Nc2ncc3cc(-c4c(Cl)cccc4Cl)c(=O)n(C)c3n2)c1,RET,RET(V804L),RET,7.1487416512809245,5.0,2.1487416512809245,wt,1132,3949,train
C#Cc1cccc(Nc2ncnc3cc(OCCOC)c(OCCOC)cc23)c1,RET,RET(V804L),RET,5.886056647693163,5.0,0.8860566476931631,wt,1737,5869,train
Cc1cn(-c2cc(NC(=O)c3ccc(C)c(Nc4nccc(-c5cccnc5)n4)c3)cc(C(F)(F)F)c2)cn1,RET,RET(V804L),RET,6.060480747381382,5.0,1.0604807473813818,wt,2355,692,train
Cc1cc2c(F)c(Oc3ncnn4cc(OCC(C)O)c(C)c34)ccc2[nH]1,RET,RET(V804L),RET,6.4089353929735005,5.0,1.4089353929735005,wt,5088,7956,train
COc1cc2c(Nc3ccc(Br)cc3F)ncnc2cc1OCC1CCN(C)CC1,RET,RET(V804L),RET,7.468521082957745,5.0,2.4685210829577446,wt,6355,9011,train
O=C(c1ccc(C=Cc2n[nH]c3ccccc23)cc1)N1CCNCC1,RET,RET(V804L),RET,6.823908740944319,7.455931955649724,0.6320232147054057,mut,9064,16806,train
CNC(=O)c1ccccc1Sc1ccc2c(C=Cc3ccccn3)n[nH]c2c1,RET,RET(V804L),RET,6.920818753952375,5.886056647693163,1.0347621062592118,wt,10146,17968,train
Cc1ccc(Nc2nccc(N(C)c3ccc4c(C)n(C)nc4c3)n2)cc1S(N)(=O)=O,RET,RET(V804L),RET,6.508638306165727,5.229147988357856,1.2794903178078707,wt,12136,547,train
COC(=O)c1ccc2c(c1)NC(=O)C2=C(Nc1ccc(N(C)C(=O)CN2CCN(C)CC2)cc1)c1ccccc1,RET,RET(V804L),RET,7.508638306165727,8.008773924307505,0.500135618141778,mut,15458,2222,train
CC(Oc1cc(-c2cnn(C3CCNCC3)c2)cnc1N)c1c(Cl)ccc(F)c1Cl,RET,RET(V804L),RET,5.0,5.6777807052660805,0.6777807052660805,mut,16135,13536,train
Cc1nc(Nc2ncc(C(=O)Nc3c(C)cccc3Cl)s2)cc(N2CCN(CCO)CC2)n1,RET,RET(V804L),RET,6.136677139879544,5.494850021680094,0.6418271181994504,wt,16238,1979,train
Cc1[nH]nc2ccc(-c3cncc(OCC(N)Cc4ccccc4)c3)cc12,RET,RET(V804L),RET,5.0,5.721246399047171,0.7212463990471711,mut,16893,19683,train
Cc1cc(Nc2cc(N3CCN(C)CC3)nc(Sc3ccc(NC(=O)C4CC4)cc3)n2)n[nH]1,RET,RET(V804L),RET,7.552841968657781,8.065501548756432,0.5126595800986511,mut,18255,8269,train
COc1cc2c(Oc3ccc4[nH]c(C)cc4c3F)ncnc2cc1OCCCN1CCCC1,RET,RET(V804L),RET,8.214670164989233,5.0,3.214670164989233,wt,18414,17457,train
CC(C)N1NC(=C2C=c3cc(O)ccc3=N2)c2c(N)ncnc21,RET,RET(V804L),RET,8.318758762624412,6.455931955649724,1.862826806974688,wt,19064,21910,train
CC1(C)CNc2cc(NC(=O)c3cccnc3NCc3ccncc3)ccc21,RET,RET(V804L),RET,7.853871964321762,5.0,2.853871964321762,wt,20397,12382,train
COC1C(N(C)C(=O)c2ccccc2)CC2OC1(C)n1c3ccccc3c3c4c(c5c6ccccc6n2c5c31)C(=O)NC4,RET,RET(V804L),RET,6.455931955649724,7.568636235841013,1.1127042801912888,mut,24059,439,train
CN1CCN(C(=O)c2cc3cc(Cl)ccc3[nH]2)CC1,RET,RET(V804L),RET,8.036212172654444,8.920818753952375,0.8846065812979305,mut,24857,24648,val
Cc1ccc(F)c(NC(=O)Nc2ccc(-c3cccc4[nH]nc(N)c34)cc2)c1,RET,RET(V804L),RET,7.0,6.013228265733755,0.9867717342662452,wt,26547,26737,val
Cc1ccc(-n2nc(C(C)(C)C)cc2NC(=O)Nc2ccc(OCCN3CCOCC3)c3ccccc23)cc1,RET,RET(V804L),RET,6.301029995663981,5.0,1.3010299956639813,wt,28386,27787,test
