target_key,base_gene,uniprot,is_mutant,mutation_type,mutation_str,wt_aa,mut_aa,global_pos,mutated_idx,in_window,aa_verified,seq_start,seq_end
AXL,AXL,P30530,0,wildtype,,,,-1,-1,False,False,404,704
CDK4-cyclinD3,CDK4,P11802,0,wildtype,,,,-1,-1,False,False,0,300
RSK4(KinDom.2-C-terminal),RSK4,Q9UK32,0,domain_annotation,,,,-1,-1,False,False,78,455
CSNK2A2,CSNK2A2,P19784,0,wildtype,,,,-1,-1,False,False,0,300
RET(V804M),RET,P07949,1,point_mutation,V804M,V,M,804,185,True,True,618,918
EGFR(L858R),EGFR,P00533,1,point_mutation,L858R,L,R,858,221,True,True,636,936
ABL1(H396P),ABL1,P00519,1,point_mutation,H396P,H,P,396,261,True,True,134,434
EGFR(L747S752del),EGFR,P00533,0,deletion,,,,-1,-1,False,False,636,936
MST4,MST4,Q9P289,0,wildtype,,,,-1,-1,False,False,0,300
IRAK3,IRAK3,Q9Y616,0,wildtype,,,,-1,-1,False,False,90,390
MUSK,MUSK,O15146,0,wildtype,,,,-1,-1,False,False,444,744
CHEK1,CHEK1,O14757,0,wildtype,,,,-1,-1,False,False,0,300
EGFR(E746A750del),EGFR,P00533,0,deletion,,,,-1,-1,False,False,636,936
RSK3(KinDom.1-N-terminal),RSK3,Q15349,0,domain_annotation,,,,-1,-1,False,False,64,444
PLK2,PLK2,Q9NYY3,0,wildtype,,,,-1,-1,False,False,0,300
RSK2(KinDom.1-N-terminal),RSK2,P51812,0,domain_annotation,,,,-1,-1,False,False,73,451
FLT4,FLT4,P35916,0,wildtype,,,,-1,-1,False,False,714,1014
PIP5K1A,PIP5K1A,Q99755,0,wildtype,,,,-1,-1,False,False,0,562
PRKCQ,PRKCQ,Q04759,0,wildtype,,,,-1,-1,False,False,247,547
LKB1,LKB1,Q15831,0,wildtype,,,,-1,-1,False,False,0,300
AAK1,AAK1,Q2M2I8,0,wildtype,,,,-1,-1,False,False,0,300
TSSK1B,TSSK1B,Q9BXA7,0,wildtype,,,,-1,-1,False,False,0,300
MARK4,MARK4,Q96L34,0,wildtype,,,,-1,-1,False,False,0,300
IGF1R,IGF1R,P08069,0,wildtype,,,,-1,-1,False,False,868,1168
SGK3,SGK3,Q96BR1,0,wildtype,,,,-1,-1,False,False,29,329
MAP3K2,MAP3K2,Q9Y2U5,0,wildtype,,,,-1,-1,False,False,223,523
FLT3(ITD),FLT3,P36888,0,insertion,,,,-1,-1,False,False,479,779
SRPK3,SRPK3,Q9UPE1,0,wildtype,,,,-1,-1,False,False,0,300
MEK2,MEK2,P36507,0,wildtype,,,,-1,-1,False,False,0,300
BMPR1B,BMPR1B,O00238,0,wildtype,,,,-1,-1,False,False,70,370
PIK3CA,PIK3CA,P42336,0,wildtype,,,,-1,-1,False,False,87,387
PRKD2,PRKD2,Q9BZL6,0,wildtype,,,,-1,-1,False,False,418,718
MAP3K1,MAP3K1,Q13233,0,wildtype,,,,-1,-1,False,False,1110,1410
AMPK-alpha2,AMPK,P54646,0,wildtype,,,,-1,-1,False,False,0,300
PIK4CB,PIK4CB,Q9UBF8,0,wildtype,,,,-1,-1,False,False,0,816
KIT(D816H),KIT,P10721,1,point_mutation,D816H,D,H,816,277,True,True,538,838
MYLK4,MYLK4,Q86YV6,0,wildtype,,,,-1,-1,False,False,0,300
ASK1,ASK1,Q99683,0,wildtype,,,,-1,-1,False,False,547,847
TAK1,TAK1,O43318,0,wildtype,,,,-1,-1,False,False,0,300
EPHA1,EPHA1,P21709,0,wildtype,,,,-1,-1,False,False,492,792
RSK4(KinDom.1-N-terminal),RSK4,Q9UK32,0,domain_annotation,,,,-1,-1,False,False,78,455
FGFR2,FGFR2,P21802,0,wildtype,,,,-1,-1,False,False,378,678
VEGFR2,VEGFR2,P35968,0,wildtype,,,,-1,-1,False,False,703,1003
MELK,MELK,Q14680,0,wildtype,,,,-1,-1,False,False,0,300
EGFR(T790M),EGFR,P00533,1,point_mutation,T790M,T,M,790,153,True,True,636,936
CASK,CASK,O14936,0,wildtype,,,,-1,-1,False,False,0,300
SRPK1,SRPK1,Q96SB4,0,wildtype,,,,-1,-1,False,False,0,300
CDC2L5,CDC2L5,Q14004,0,wildtype,,,,-1,-1,False,False,572,872
EGFR(G719C),EGFR,P00533,1,point_mutation,G719C,G,C,719,82,True,True,636,936
PDGFRB,PDGFRB,P09619,0,wildtype,,,,-1,-1,False,False,469,769
NEK7,NEK7,Q8TDX7,0,wildtype,,,,-1,-1,False,False,0,300
PRKG2,PRKG2,Q13237,0,wildtype,,,,-1,-1,False,False,206,506
IRAK1,IRAK1,P51617,0,wildtype,,,,-1,-1,False,False,137,437
DAPK3,DAPK3,O43293,0,wildtype,,,,-1,-1,False,False,0,300
CDKL5,CDKL5,O76039,0,wildtype,,,,-1,-1,False,False,0,300
ERN1,ERN1,O75460,0,wildtype,,,,-1,-1,False,False,493,793
MYLK,MYLK,Q15746,0,wildtype,,,,-1,-1,False,False,1331,1631
HPK1,HPK1,Q92918,0,wildtype,,,,-1,-1,False,False,0,300
YSK4,YSK4,Q56UN5,0,wildtype,,,,-1,-1,False,False,927,1227
CAMK1G,CAMK1G,Q96NX5,0,wildtype,,,,-1,-1,False,False,0,300
PRKD1,PRKD1,Q15139,0,wildtype,,,,-1,-1,False,False,450,750
QSK,QSK,Q9Y2K2,0,wildtype,,,,-1,-1,False,False,0,300
WEE2,WEE2,P0C1S8,0,wildtype,,,,-1,-1,False,False,148,448
NEK1,NEK1,Q96PY6,0,wildtype,,,,-1,-1,False,False,0,300
GSK3A,GSK3A,P49840,0,wildtype,,,,-1,-1,False,False,0,300
TNK1,TNK1,Q13470,0,wildtype,,,,-1,-1,False,False,0,300
ABL1(F317I)p,ABL1,P00519,1,point_mutation,F317I,F,I,317,182,True,True,134,434
NEK6,NEK6,Q9HC98,0,wildtype,,,,-1,-1,False,False,0,300
TLK1,TLK1,Q9UKI8,0,wildtype,,,,-1,-1,False,False,323,623
CLK4,CLK4,Q9HAZ1,0,wildtype,,,,-1,-1,False,False,26,326
KIT(V559D-T670I),KIT,P10721,0,double_mutation,,,,-1,-1,False,False,538,838
CAMK2D,CAMK2D,Q13557,0,wildtype,,,,-1,-1,False,False,0,300
PAK1,PAK1,Q13153,0,wildtype,,,,-1,-1,False,False,161,461
CDK5,CDK5,Q00535,0,wildtype,,,,-1,-1,False,False,0,292
LYN,LYN,P07948,0,wildtype,,,,-1,-1,False,False,113,413
CSNK1A1,CSNK1A1,P48729,0,wildtype,,,,-1,-1,False,False,0,300
BRSK1,BRSK1,Q8TDC3,0,wildtype,,,,-1,-1,False,False,0,300
TRKA,TRKA,P04629,0,wildtype,,,,-1,-1,False,False,379,679
ABL1(F317L),ABL1,P00519,1,point_mutation,F317L,F,L,317,182,True,True,134,434
CTK,CTK,P42679,0,wildtype,,,,-1,-1,False,False,101,401
EPHB1,EPHB1,P54762,0,wildtype,,,,-1,-1,False,False,487,787
EPHA3,EPHA3,P29320,0,wildtype,,,,-1,-1,False,False,539,839
ABL2,ABL2,P42684,0,wildtype,,,,-1,-1,False,False,180,480
JAK3(JH1domain-catalytic),JAK3,P52333,0,domain_annotation,,,,-1,-1,False,False,691,991
CAMK2A,CAMK2A,Q9UQM7,0,wildtype,,,,-1,-1,False,False,0,300
RET(M918T),RET,P07949,1,point_mutation,M918T,M,T,918,299,True,True,618,918
DRAK2,DRAK2,O94768,0,wildtype,,,,-1,-1,False,False,0,300
ERK4,ERK4,P31152,0,wildtype,,,,-1,-1,False,False,0,300
LTK,LTK,P29376,0,wildtype,,,,-1,-1,False,False,379,679
ABL1(Y253F),ABL1,P00519,1,point_mutation,Y253F,Y,F,253,118,True,True,134,434
IKK-epsilon,IKK,Q14164,0,wildtype,,,,-1,-1,False,False,0,300
JAK1(JH2domain-pseudokinase),JAK1,P23458,0,domain_annotation,,,,-1,-1,False,False,744,1044
PIK3CA(H1047Y),PIK3CA,P42336,1,point_mutation,H1047Y,H,Y,1047,-1,False,False,87,387
GRK4,GRK4,P32298,0,wildtype,,,,-1,-1,False,False,54,354
IKK-alpha,IKK,O15111,0,wildtype,,,,-1,-1,False,False,0,300
MST3,MST3,Q9Y6E0,0,wildtype,,,,-1,-1,False,False,0,300
MKNK2,MKNK2,Q9HBH9,0,wildtype,,,,-1,-1,False,False,51,351
ERK2,ERK2,P28482,0,wildtype,,,,-1,-1,False,False,0,300
p38-delta,p38,O15264,0,wildtype,,,,-1,-1,False,False,0,300
LIMK1,LIMK1,P53667,0,wildtype,,,,-1,-1,False,False,206,506
FLT3(D835H),FLT3,P36888,1,point_mutation,D835H,D,H,835,-1,False,False,479,779
FES,FES,P07332,0,wildtype,,,,-1,-1,False,False,428,728
TAOK1,TAOK1,Q7L7X3,0,wildtype,,,,-1,-1,False,False,0,300
CSNK1E,CSNK1E,P49674,0,wildtype,,,,-1,-1,False,False,0,300
INSR,INSR,P06213,0,wildtype,,,,-1,-1,False,False,954,1254
SIK,SIK,P57059,0,wildtype,,,,-1,-1,False,False,0,300
TIE2,TIE2,Q02763,0,wildtype,,,,-1,-1,False,False,692,992
TXK,TXK,P42681,0,wildtype,,,,-1,-1,False,False,137,437
MLK1,MLK1,P80192,0,wildtype,,,,-1,-1,False,False,10,310
LRRK2,LRRK2,Q5S007,0,wildtype,,,,-1,-1,False,False,1340,2298
CAMK2G,CAMK2G,Q13555,0,wildtype,,,,-1,-1,False,False,0,300
TEC,TEC,P42680,0,wildtype,,,,-1,-1,False,False,109,409
TNK2,TNK2,Q07912,0,wildtype,,,,-1,-1,False,False,0,300
LCK,LCK,P06239,0,wildtype,,,,-1,-1,False,False,111,411
CSK,CSK,P41240,0,wildtype,,,,-1,-1,False,False,61,361
MKNK1,MKNK1,Q9BUB5,0,wildtype,,,,-1,-1,False,False,0,300
PIK3CG,PIK3CG,P48736,0,wildtype,,,,-1,-1,False,False,748,1048
MEK5,MEK5,Q13163,0,wildtype,,,,-1,-1,False,False,33,333
DMPK2,DMPK2,Q6DT37,0,wildtype,,,,-1,-1,False,False,0,300
RSK1(KinDom.1-N-terminal),RSK1,Q15418,0,domain_annotation,,,,-1,-1,False,False,67,447
RPS6KA4(KinDom.2-C-terminal),RPS6KA4,O75676,0,domain_annotation,,,,-1,-1,False,False,38,440
MST2,MST2,Q13188,0,wildtype,,,,-1,-1,False,False,0,300
PAK2,PAK2,Q13177,0,wildtype,,,,-1,-1,False,False,116,416
BMX,BMX,P51813,0,wildtype,,,,-1,-1,False,False,120,445
BIKE,BIKE,Q9NSY1,0,wildtype,,,,-1,-1,False,False,0,300
CSNK1D,CSNK1D,P48730,0,wildtype,,,,-1,-1,False,False,0,300
EGFR(L747T751del),EGFR,P00533,0,deletion,,,,-1,-1,False,False,636,936
GCN2(KinDom2S808G),GCN2,Q9P2K8,0,domain_annotation,,,,-1,-1,False,False,457,757
PFTAIRE2,PFTAIRE2,Q96Q40,0,wildtype,,,,-1,-1,False,False,0,300
CAMK1D,CAMK1D,Q8IU85,0,wildtype,,,,-1,-1,False,False,0,300
YANK2,YANK2,Q9NY57,0,wildtype,,,,-1,-1,False,False,0,300
FLT3(R834Q),FLT3,P36888,1,point_mutation,R834Q,R,Q,834,-1,False,False,479,779
EPHB2,EPHB2,P29323,0,wildtype,,,,-1,-1,False,False,489,789
MARK2,MARK2,Q7KZI7,0,wildtype,,,,-1,-1,False,False,0,300
EGFR(L747E749del),EGFR,P00533,0,deletion,,,,-1,-1,False,False,636,936
EPHB3,EPHB3,P54753,0,wildtype,,,,-1,-1,False,False,501,801
BMPR2,BMPR2,Q13873,0,wildtype,,,,-1,-1,False,False,129,429
PKN2,PKN2,Q16513,0,wildtype,,,,-1,-1,False,False,524,824
FLT3(D835Y),FLT3,P36888,1,point_mutation,D835Y,D,Y,835,-1,False,False,479,779
PKN1,PKN1,Q16512,0,wildtype,,,,-1,-1,False,False,482,782
SgK110,SgK110,P0C264,0,wildtype,,,,-1,-1,False,False,0,300
PIM3,PIM3,Q86V86,0,wildtype,,,,-1,-1,False,False,0,300
PIK3CB,PIK3CB,P42338,0,wildtype,,,,-1,-1,False,False,89,389
ERK1,ERK1,P27361,0,wildtype,,,,-1,-1,False,False,0,300
ALK,ALK,Q9UM73,0,wildtype,,,,-1,-1,False,False,1046,1346
GSK3B,GSK3B,P49841,0,wildtype,,,,-1,-1,False,False,0,300
ABL1(Q252H)p,ABL1,P00519,1,point_mutation,Q252H,Q,H,252,117,True,True,134,434
CDK4-cyclinD1,CDK4,P11802,0,wildtype,,,,-1,-1,False,False,0,300
PIK3CA(M1043I),PIK3CA,P42336,1,point_mutation,M1043I,M,I,1043,-1,False,False,87,387
CDKL1,CDKL1,Q00532,0,wildtype,,,,-1,-1,False,False,0,300
MAK,MAK,P20794,0,wildtype,,,,-1,-1,False,False,0,300
MLK3,MLK3,Q16584,0,wildtype,,,,-1,-1,False,False,0,300
ABL1(M351T),ABL1,P00519,1,point_mutation,M351T,M,T,351,216,True,True,134,434
RSK1(KinDom.2-C-terminal),RSK1,Q15418,0,domain_annotation,,,,-1,-1,False,False,67,447
BTK,BTK,Q06187,0,wildtype,,,,-1,-1,False,False,25,542
ABL1(T315I),ABL1,P00519,1,point_mutation,T315I,T,I,315,180,True,True,134,434
KIT,KIT,P10721,0,wildtype,,,,-1,-1,False,False,538,838
FLT3,FLT3,P36888,0,wildtype,,,,-1,-1,False,False,479,779
CSNK1G1,CSNK1G1,Q9HCP0,0,wildtype,,,,-1,-1,False,False,0,300
RIPK1,RIPK1,Q13546,0,wildtype,,,,-1,-1,False,False,0,300
PFPK5(Pfalciparum),PFPK5,Q00535,0,domain_annotation,,,,-1,-1,False,False,0,292
CDKL2,CDKL2,Q92772,0,wildtype,,,,-1,-1,False,False,0,300
MYO3B,MYO3B,Q8WXR4,0,wildtype,,,,-1,-1,False,False,0,300
PHKG1,PHKG1,Q16816,0,wildtype,,,,-1,-1,False,False,0,300
MAP4K3,MAP4K3,Q8IVH8,0,wildtype,,,,-1,-1,False,False,0,300
ERBB2,ERBB2,P04626,0,wildtype,,,,-1,-1,False,False,589,889
DYRK1A,DYRK1A,Q13627,0,wildtype,,,,-1,-1,False,False,52,352
ABL1(Q252H),ABL1,P00519,1,point_mutation,Q252H,Q,H,252,117,True,True,134,434
ABL1(F317L)p,ABL1,P00519,1,point_mutation,F317L,F,L,317,182,True,True,134,434
PKNB(Mtuberculosis),PKNB,P9WI81,0,domain_annotation,,,,-1,-1,False,False,0,300
LATS1,LATS1,O95835,0,wildtype,,,,-1,-1,False,False,572,872
AURKC,AURKC,Q9UQB9,0,wildtype,,,,-1,-1,False,False,0,300
AURKB,AURKB,Q96GD4,0,wildtype,,,,-1,-1,False,False,0,300
TTK,TTK,P33981,0,wildtype,,,,-1,-1,False,False,391,691
ANKK1,ANKK1,Q8NFD2,0,wildtype,,,,-1,-1,False,False,0,300
MAPKAPK5,MAPKAPK5,Q8IW41,0,wildtype,,,,-1,-1,False,False,0,300
PCTK1,PCTK1,Q00536,0,wildtype,,,,-1,-1,False,False,32,332
TIE1,TIE1,P35590,0,wildtype,,,,-1,-1,False,False,707,1007
RPS6KA5(KinDom.2-C-terminal),RPS6KA5,O75582,0,domain_annotation,,,,-1,-1,False,False,54,455
EGFR(S752I759del),EGFR,P00533,0,deletion,,,,-1,-1,False,False,636,936
SBK1,SBK1,Q52WX2,0,wildtype,,,,-1,-1,False,False,0,300
ABL1(T315I)p,ABL1,P00519,1,point_mutation,T315I,T,I,315,180,True,True,134,434
PAK3,PAK3,O75914,0,wildtype,,,,-1,-1,False,False,150,450
KIT(D816V),KIT,P10721,1,point_mutation,D816V,D,V,816,277,True,True,538,838
EPHA8,EPHA8,P29322,0,wildtype,,,,-1,-1,False,False,503,803
PIK3C2G,PIK3C2G,O75747,0,wildtype,,,,-1,-1,False,False,177,477
AURKA,AURKA,O14965,0,wildtype,,,,-1,-1,False,False,58,358
VRK2,VRK2,Q86Y07,0,wildtype,,,,-1,-1,False,False,0,300
RIPK4,RIPK4,P57078,0,wildtype,,,,-1,-1,False,False,0,300
ABL1(F317I),ABL1,P00519,1,point_mutation,F317I,F,I,317,182,True,True,134,434
GAK,GAK,O14976,0,wildtype,,,,-1,-1,False,False,26,326
TNNI3K,TNNI3K,Q59H18,0,wildtype,,,,-1,-1,False,False,329,629
ZAP70,ZAP70,P43403,0,wildtype,,,,-1,-1,False,False,206,506
MYLK2,MYLK2,Q9H1R3,0,wildtype,,,,-1,-1,False,False,152,452
CAMKK1,CAMKK1,Q8N5S9,0,wildtype,,,,-1,-1,False,False,0,300
CLK3,CLK3,P49761,0,wildtype,,,,-1,-1,False,False,171,471
CSNK1G2,CSNK1G2,P78368,0,wildtype,,,,-1,-1,False,False,0,300
CDK7,CDK7,P50613,0,wildtype,,,,-1,-1,False,False,0,300
FRK,FRK,P42685,0,wildtype,,,,-1,-1,False,False,100,400
MAP3K4,MAP3K4,Q9Y6R4,0,wildtype,,,,-1,-1,False,False,1210,1510
EPHA7,EPHA7,Q15375,0,wildtype,,,,-1,-1,False,False,501,801
EGFR,EGFR,P00533,0,wildtype,,,,-1,-1,False,False,636,936
TYK2(JH2domain-pseudokinase),TYK2,P29597,0,domain_annotation,,,,-1,-1,False,False,766,1066
BLK,BLK,P51451,0,wildtype,,,,-1,-1,False,False,107,407
SLK,SLK,Q9H2G2,0,wildtype,,,,-1,-1,False,False,0,300
TAOK2,TAOK2,Q9UL54,0,wildtype,,,,-1,-1,False,False,0,300
FGFR3(G697C),FGFR3,P22607,1,point_mutation,G697C,G,C,697,-1,False,False,342,642
S6K1,S6K1,P23443,0,wildtype,,,,-1,-1,False,False,0,300
TYK2(JH1domain-catalytic),TYK2,P29597,0,domain_annotation,,,,-1,-1,False,False,766,1066
ITK,ITK,Q08881,0,wildtype,,,,-1,-1,False,False,105,405
HIPK2,HIPK2,Q9H2X6,0,wildtype,,,,-1,-1,False,False,66,366
PIM1,PIM1,P11309,0,wildtype,,,,-1,-1,False,False,0,300
MKK7,MKK7,O14733,0,wildtype,,,,-1,-1,False,False,0,300
MRCKA,MRCKA,Q5VT25,0,wildtype,,,,-1,-1,False,False,0,300
PIP5K1C,PIP5K1C,O60331,0,wildtype,,,,-1,-1,False,False,0,668
ERBB4,ERBB4,Q15303,0,wildtype,,,,-1,-1,False,False,635,935
EPHA6,EPHA6,Q9UF33,0,wildtype,,,,-1,-1,False,False,499,799
EPHB4,EPHB4,P54760,0,wildtype,,,,-1,-1,False,False,483,783
PRKCH,PRKCH,P24723,0,wildtype,,,,-1,-1,False,False,222,522
CDK8,CDK8,P49336,0,wildtype,,,,-1,-1,False,False,0,300
TRKC,TRKC,Q16288,0,wildtype,,,,-1,-1,False,False,407,707
BMPR1A,BMPR1A,P36894,0,wildtype,,,,-1,-1,False,False,100,400
PKAC-alpha,PKAC,P35232,0,wildtype,,,,-1,-1,False,False,0,272
DMPK,DMPK,Q09013,0,wildtype,,,,-1,-1,False,False,0,300
p38-beta,p38,Q15759,0,wildtype,,,,-1,-1,False,False,0,300
TNIK,TNIK,Q9UKE5,0,wildtype,,,,-1,-1,False,False,0,300
PHKG2,PHKG2,P15735,0,wildtype,,,,-1,-1,False,False,0,300
FAK,FAK,Q05397,0,wildtype,,,,-1,-1,False,False,314,614
ABL1(E255K),ABL1,P00519,1,point_mutation,E255K,E,K,255,120,True,True,134,434
TRKB,TRKB,Q16620,0,wildtype,,,,-1,-1,False,False,407,707
ERBB3,ERBB3,P21860,0,wildtype,,,,-1,-1,False,False,626,926
DRAK1,DRAK1,Q9UEE5,0,wildtype,,,,-1,-1,False,False,0,300
NLK,NLK,Q9UBE8,0,wildtype,,,,-1,-1,False,False,5,305
PRKG1,PRKG1,Q13976,0,wildtype,,,,-1,-1,False,False,128,428
ACVR1,ACVR1,Q04771,0,wildtype,,,,-1,-1,False,False,74,374
PIM2,PIM2,Q9P1W9,0,wildtype,,,,-1,-1,False,False,0,300
PYK2,PYK2,Q14289,0,wildtype,,,,-1,-1,False,False,319,619
PIK3CA(H1047L),PIK3CA,P42336,1,point_mutation,H1047L,H,L,1047,-1,False,False,87,387
YANK1,YANK1,Q8WU08,0,wildtype,,,,-1,-1,False,False,0,300
SRMS,SRMS,Q9H3Y6,0,wildtype,,,,-1,-1,False,False,96,396
DDR2,DDR2,Q16832,0,wildtype,,,,-1,-1,False,False,438,738
MARK3,MARK3,P27448,0,wildtype,,,,-1,-1,False,False,0,300
CDK11,CDK11,P21127,0,wildtype,,,,-1,-1,False,False,305,605
JNK2,JNK2,P45984,0,wildtype,,,,-1,-1,False,False,0,300
HCK,HCK,P08631,0,wildtype,,,,-1,-1,False,False,128,428
RIPK2,RIPK2,O43353,0,wildtype,,,,-1,-1,False,False,0,300
MARK1,MARK1,Q9P0L2,0,wildtype,,,,-1,-1,False,False,0,300
DYRK2,DYRK2,Q92630,0,wildtype,,,,-1,-1,False,False,115,415
MERTK,MERTK,Q12866,0,wildtype,,,,-1,-1,False,False,453,753
ABL1,ABL1,P00519,0,wildtype,,,,-1,-1,False,False,134,434
TGFBR1,TGFBR1,P36897,0,wildtype,,,,-1,-1,False,False,71,371
PFCDPK1(Pfalciparum),PFCDPK1,P62343,0,domain_annotation,,,,-1,-1,False,False,61,510
PDPK1,PDPK1,O15530,0,wildtype,,,,-1,-1,False,False,7,307
LATS2,LATS2,Q9NRM7,0,wildtype,,,,-1,-1,False,False,577,877
FER,FER,P16591,0,wildtype,,,,-1,-1,False,False,429,729
STK35,STK35,Q8TDR2,0,wildtype,,,,-1,-1,False,False,69,369
BRAF(V600E),BRAF,P15056,1,point_mutation,V600E,V,E,600,-1,False,False,208,508
EGFR(L861Q),EGFR,P00533,1,point_mutation,L861Q,L,Q,861,224,True,True,636,936
MAP3K15,MAP3K15,Q6ZN16,0,wildtype,,,,-1,-1,False,False,519,819
MLCK,MLCK,Q15746,0,wildtype,,,,-1,-1,False,False,1331,1631
HIPK3,HIPK3,Q9H422,0,wildtype,,,,-1,-1,False,False,64,364
ROCK1,ROCK1,Q13464,0,wildtype,,,,-1,-1,False,False,0,300
TESK1,TESK1,Q15569,0,wildtype,,,,-1,-1,False,False,0,300
PAK7,PAK7,Q9P286,0,wildtype,,,,-1,-1,False,False,316,616
MAPKAPK2,MAPKAPK2,P49137,0,wildtype,,,,-1,-1,False,False,0,300
MET(M1250T),MET,P08581,1,point_mutation,M1250T,M,T,1250,-1,False,False,946,1246
RPS6KA5(KinDom.1-N-terminal),RPS6KA5,O75582,0,domain_annotation,,,,-1,-1,False,False,54,455
PRKCE,PRKCE,Q02156,0,wildtype,,,,-1,-1,False,False,275,575
PLK4,PLK4,O00444,0,wildtype,,,,-1,-1,False,False,0,300
STK36,STK36,Q9NRP7,0,wildtype,,,,-1,-1,False,False,0,300
ROS1,ROS1,P08922,0,wildtype,,,,-1,-1,False,False,1815,2115
CDK2,CDK2,P24941,0,wildtype,,,,-1,-1,False,False,0,298
PIK3CA(C420R),PIK3CA,P42336,1,point_mutation,C420R,C,R,420,-1,False,False,87,387
RET(V804L),RET,P07949,1,point_mutation,V804L,V,L,804,185,True,True,618,918
MTOR,MTOR,P42345,0,wildtype,,,,-1,-1,False,False,2155,2469
MAST1,MAST1,Q9Y2H9,0,wildtype,,,,-1,-1,False,False,241,541
KIT(V559D-V654A),KIT,P10721,0,double_mutation,,,,-1,-1,False,False,538,838
RET,RET,P07949,0,wildtype,,,,-1,-1,False,False,618,918
MAP3K3,MAP3K3,Q99759,0,wildtype,,,,-1,-1,False,False,229,529
NIM1,NIM1,Q8IY84,0,wildtype,,,,-1,-1,False,False,0,300
NEK9,NEK9,Q8TD19,0,wildtype,,,,-1,-1,False,False,0,300
BRK,BRK,Q13882,0,wildtype,,,,-1,-1,False,False,57,357
AKT1,AKT1,P31749,0,wildtype,,,,-1,-1,False,False,0,300
WEE1,WEE1,P30291,0,wildtype,,,,-1,-1,False,False,233,533
CAMKK2,CAMKK2,Q96RR4,0,wildtype,,,,-1,-1,False,False,32,332
PKAC-beta,PKAC,P35232,0,wildtype,,,,-1,-1,False,False,0,272
JAK1(JH1domain-catalytic),JAK1,P23458,0,domain_annotation,,,,-1,-1,False,False,744,1044
MEK3,MEK3,P46734,0,wildtype,,,,-1,-1,False,False,0,300
CLK1,CLK1,P49759,0,wildtype,,,,-1,-1,False,False,28,328
ACVRL1,ACVRL1,P37023,0,wildtype,,,,-1,-1,False,False,68,368
CLK2,CLK2,P49760,0,wildtype,,,,-1,-1,False,False,30,330
ADCK4,ADCK4,Q96D53,0,wildtype,,,,-1,-1,False,False,152,452
DAPK1,DAPK1,P53355,0,wildtype,,,,-1,-1,False,False,0,300
EPHB6,EPHB6,O15197,0,wildtype,,,,-1,-1,False,False,529,829
NDR1,NDR1,Q15208,0,wildtype,,,,-1,-1,False,False,0,300
ROCK2,ROCK2,O75116,0,wildtype,,,,-1,-1,False,False,0,300
RIOK1,RIOK1,Q9BRS2,0,wildtype,,,,-1,-1,False,False,124,424
ZAK,ZAK,Q9NYL2,0,wildtype,,,,-1,-1,False,False,0,300
PCTK2,PCTK2,Q00537,0,wildtype,,,,-1,-1,False,False,59,359
KIT(V559D),KIT,P10721,1,point_mutation,V559D,V,D,559,20,True,True,538,838
PAK6,PAK6,Q9NQU5,0,wildtype,,,,-1,-1,False,False,274,574
NEK11,NEK11,Q8NG66,0,wildtype,,,,-1,-1,False,False,0,300
ASK2,ASK2,O95382,0,wildtype,,,,-1,-1,False,False,515,815
HIPK4,HIPK4,Q8NE63,0,wildtype,,,,-1,-1,False,False,0,300
BRSK2,BRSK2,Q8IWQ3,0,wildtype,,,,-1,-1,False,False,0,300
LRRK2(G2019S),LRRK2,Q5S007,1,point_mutation,G2019S,G,S,2019,678,True,True,1340,2298
p38-gamma,p38,P53778,0,wildtype,,,,-1,-1,False,False,0,300
PRP4,PRP4,O43172,0,wildtype,,,,-1,-1,False,False,0,522
SNRK,SNRK,Q9NRH2,0,wildtype,,,,-1,-1,False,False,0,300
CIT,CIT,O14578,0,wildtype,,,,-1,-1,False,False,0,300
PFTK1,PFTK1,O94921,0,wildtype,,,,-1,-1,False,False,2,302
JAK2(JH1domain-catalytic),JAK2,O60674,0,domain_annotation,,,,-1,-1,False,False,718,1018
CDKL3,CDKL3,Q8IVW4,0,wildtype,,,,-1,-1,False,False,0,300
PRKX,PRKX,P51817,0,wildtype,,,,-1,-1,False,False,0,300
MEK6,MEK6,P52564,0,wildtype,,,,-1,-1,False,False,0,300
FGFR4,FGFR4,P22455,0,wildtype,,,,-1,-1,False,False,337,637
AKT3,AKT3,Q9Y243,0,wildtype,,,,-1,-1,False,False,15,315
p38-alpha,p38,Q16539,0,wildtype,,,,-1,-1,False,False,0,300
LOK,LOK,O94804,0,wildtype,,,,-1,-1,False,False,0,300
ERK3,ERK3,Q16659,0,wildtype,,,,-1,-1,False,False,0,300
AKT2,AKT2,P31751,0,wildtype,,,,-1,-1,False,False,75,375
PIK3CA(Q546K),PIK3CA,P42336,1,point_mutation,Q546K,Q,K,546,-1,False,False,87,387
YES,YES,P07947,0,wildtype,,,,-1,-1,False,False,143,443
KIT(A829P),KIT,P10721,1,point_mutation,A829P,A,P,829,290,True,True,538,838
MST1,MST1,P26927,0,wildtype,,,,-1,-1,False,False,0,711
PRKR,PRKR,P19525,0,wildtype,,,,-1,-1,False,False,202,502
DLK,DLK,Q12852,0,wildtype,,,,-1,-1,False,False,0,300
DAPK2,DAPK2,Q9UIK4,0,wildtype,,,,-1,-1,False,False,0,300
MINK,MINK,Q8N4C8,0,wildtype,,,,-1,-1,False,False,0,300
NDR2,NDR2,Q9Y2H1,0,wildtype,,,,-1,-1,False,False,0,300
PKMYT1,PKMYT1,Q99640,0,wildtype,,,,-1,-1,False,False,33,333
RSK3(KinDom.2-C-terminal),RSK3,Q15349,0,domain_annotation,,,,-1,-1,False,False,64,444
CAMK1,CAMK1,Q14012,0,wildtype,,,,-1,-1,False,False,0,300
CDK9,CDK9,P50750,0,wildtype,,,,-1,-1,False,False,0,300
CSF1R,CSF1R,P07333,0,wildtype,,,,-1,-1,False,False,451,751
DCAMKL2,DCAMKL2,Q8N568,0,wildtype,,,,-1,-1,False,False,261,561
PLK1,PLK1,P53350,0,wildtype,,,,-1,-1,False,False,0,300
PIP5K2C,PIP5K2C,Q8TBX8,0,wildtype,,,,-1,-1,False,False,0,421
CSNK1A1L,CSNK1A1L,Q8N752,0,wildtype,,,,-1,-1,False,False,0,300
SIK2,SIK2,Q9H0K1,0,wildtype,,,,-1,-1,False,False,0,300
FLT3(N841I),FLT3,P36888,1,point_mutation,N841I,N,I,841,-1,False,False,479,779
FLT1,FLT1,P17948,0,wildtype,,,,-1,-1,False,False,696,996
BRAF,BRAF,P15056,0,wildtype,,,,-1,-1,False,False,208,508
RIOK2,RIOK2,Q9BVS4,0,wildtype,,,,-1,-1,False,False,0,300
EGFR(L858RT790M),EGFR,P00533,0,other,,,,-1,-1,False,False,636,936
PIK3CA(E545A),PIK3CA,P42336,1,point_mutation,E545A,E,A,545,-1,False,False,87,387
CAMK4,CAMK4,Q16566,0,wildtype,,,,-1,-1,False,False,0,300
ACVR2B,ACVR2B,Q13705,0,wildtype,,,,-1,-1,False,False,56,356
MET,MET,P08581,0,wildtype,,,,-1,-1,False,False,946,1246
CDK3,CDK3,Q00526,0,wildtype,,,,-1,-1,False,False,0,300
NEK3,NEK3,P51956,0,wildtype,,,,-1,-1,False,False,0,300
MAP4K4,MAP4K4,O95819,0,wildtype,,,,-1,-1,False,False,0,300
TLK2,TLK2,Q86UE8,0,wildtype,,,,-1,-1,False,False,329,629
RIPK5,RIPK5,Q6XUX3,0,wildtype,,,,-1,-1,False,False,519,819
PRKD3,PRKD3,O94806,0,wildtype,,,,-1,-1,False,False,443,743
ADCK3,ADCK3,Q8NI60,0,wildtype,,,,-1,-1,False,False,273,573
EIF2AK1,EIF2AK1,Q9BQI3,0,wildtype,,,,-1,-1,False,False,34,334
PIK3CA(E545K),PIK3CA,P42336,1,point_mutation,E545K,E,K,545,-1,False,False,87,387
MET(Y1235D),MET,P08581,1,point_mutation,Y1235D,Y,D,1235,288,True,True,946,1246
ICK,ICK,Q9UPZ9,0,wildtype,,,,-1,-1,False,False,0,300
CDC2L2,CDC2L2,Q9UQ88,0,wildtype,,,,-1,-1,False,False,293,593
FLT3(K663Q),FLT3,P36888,1,point_mutation,K663Q,K,Q,663,183,True,True,479,779
MAP4K2,MAP4K2,Q12851,0,wildtype,,,,-1,-1,False,False,0,300
RPS6KA4(KinDom.1-N-terminal),RPS6KA4,O75676,0,domain_annotation,,,,-1,-1,False,False,38,440
IKK-beta,IKK,O14920,0,wildtype,,,,-1,-1,False,False,0,300
STK33,STK33,Q9BYT3,0,wildtype,,,,-1,-1,False,False,0,300
LIMK2,LIMK2,P53671,0,wildtype,,,,-1,-1,False,False,198,498
NEK2,NEK2,P51955,0,wildtype,,,,-1,-1,False,False,0,300
PCTK3,PCTK3,Q07002,0,wildtype,,,,-1,-1,False,False,11,311
EPHA5,EPHA5,P54756,0,wildtype,,,,-1,-1,False,False,543,843
EGFR(G719S),EGFR,P00533,1,point_mutation,G719S,G,S,719,82,True,True,636,936
DCAMKL3,DCAMKL3,Q9C098,0,wildtype,,,,-1,-1,False,False,223,523
EPHA4,EPHA4,P54764,0,wildtype,,,,-1,-1,False,False,489,789
NEK5,NEK5,Q6P3R8,0,wildtype,,,,-1,-1,False,False,0,300
HIPK1,HIPK1,Q86Z02,0,wildtype,,,,-1,-1,False,False,57,357
PDGFRA,PDGFRA,P16234,0,wildtype,,,,-1,-1,False,False,462,762
YSK1,YSK1,O00506,0,wildtype,,,,-1,-1,False,False,0,300
ULK2,ULK2,Q8IYT8,0,wildtype,,,,-1,-1,False,False,0,300
DYRK1B,DYRK1B,Q9Y463,0,wildtype,,,,-1,-1,False,False,4,304
LZK,LZK,O43283,0,wildtype,,,,-1,-1,False,False,34,334
ARK5,ARK5,O60285,0,wildtype,,,,-1,-1,False,False,0,300
FGR,FGR,P09769,0,wildtype,,,,-1,-1,False,False,129,429
PAK4,PAK4,O96013,0,wildtype,,,,-1,-1,False,False,243,543
FGFR1,FGFR1,P11362,0,wildtype,,,,-1,-1,False,False,412,712
CDC2L1,CDC2L1,P21127,0,wildtype,,,,-1,-1,False,False,305,605
OSR1,OSR1,Q8TAX0,0,wildtype,,,,-1,-1,False,False,0,266
SRC,SRC,P12931,0,wildtype,,,,-1,-1,False,False,136,436
MAP4K5,MAP4K5,Q9Y4K4,0,wildtype,,,,-1,-1,False,False,0,300
STK16,STK16,O75716,0,wildtype,,,,-1,-1,False,False,0,300
NEK4,NEK4,P51957,0,wildtype,,,,-1,-1,False,False,0,300
SRPK2,SRPK2,P78362,0,wildtype,,,,-1,-1,False,False,0,300
MLK2,MLK2,Q02779,0,wildtype,,,,-1,-1,False,False,0,300
YANK3,YANK3,Q86UX6,0,wildtype,,,,-1,-1,False,False,0,300
EPHA2,EPHA2,P29317,0,wildtype,,,,-1,-1,False,False,482,782
DCAMKL1,DCAMKL1,O15075,0,wildtype,,,,-1,-1,False,False,257,557
GRK1,GRK1,Q15835,0,wildtype,,,,-1,-1,False,False,57,357
TGFBR2,TGFBR2,P37173,0,wildtype,,,,-1,-1,False,False,113,413
ACVR2A,ACVR2A,P27037,0,wildtype,,,,-1,-1,False,False,58,358
PIP5K2B,PIP5K2B,P78356,0,wildtype,,,,-1,-1,False,False,116,416
PIK3CA(E542K),PIK3CA,P42336,1,point_mutation,E542K,E,K,542,-1,False,False,87,387
ULK1,ULK1,O75385,0,wildtype,,,,-1,-1,False,False,0,300
IRAK4,IRAK4,Q9NWZ3,0,wildtype,,,,-1,-1,False,False,110,410
PIK3C2B,PIK3C2B,O00750,0,wildtype,,,,-1,-1,False,False,374,786
ABL1p,ABL1p,P00519,0,wildtype,,,,-1,-1,False,False,134,434
FGFR3,FGFR3,P22607,0,wildtype,,,,-1,-1,False,False,342,642
TRPM6,TRPM6,Q9BX84,0,wildtype,,,,-1,-1,False,False,1722,2022
PIK3CA(I800L),PIK3CA,P42336,1,point_mutation,I800L,I,L,800,-1,False,False,87,387
RIOK3,RIOK3,O14730,0,wildtype,,,,-1,-1,False,False,123,423
ABL1(H396P)p,ABL1,P00519,1,point_mutation,H396P,H,P,396,261,True,True,134,434
ULK3,ULK3,Q6PHR2,0,wildtype,,,,-1,-1,False,False,0,300
JNK1,JNK1,P45983,0,wildtype,,,,-1,-1,False,False,0,300
MYO3A,MYO3A,Q8NEV4,0,wildtype,,,,-1,-1,False,False,0,300
TBK1,TBK1,Q9UHD2,0,wildtype,,,,-1,-1,False,False,0,300
PRKCI,PRKCI,P41743,0,wildtype,,,,-1,-1,False,False,121,421
DDR1,DDR1,Q08345,0,wildtype,,,,-1,-1,False,False,210,655
SYK,SYK,P43405,0,wildtype,,,,-1,-1,False,False,239,539
MRCKB,MRCKB,Q9Y5S2,0,wildtype,,,,-1,-1,False,False,0,300
SNARK,SNARK,Q9H093,0,wildtype,,,,-1,-1,False,False,0,300
TYRO3,TYRO3,Q06418,0,wildtype,,,,-1,-1,False,False,386,686
INSRR,INSRR,P14616,0,wildtype,,,,-1,-1,False,False,848,1148
TAOK3,TAOK3,Q9H2K8,0,wildtype,,,,-1,-1,False,False,0,300
JNK3,JNK3,P53779,0,wildtype,,,,-1,-1,False,False,0,300
STK39,STK39,Q9UEW8,0,wildtype,,,,-1,-1,False,False,0,300
GRK7,GRK7,Q8WTQ7,0,wildtype,,,,-1,-1,False,False,58,358
PLK3,PLK3,Q9H4B4,0,wildtype,,,,-1,-1,False,False,0,300
CSNK2A1,CSNK2A1,P68400,0,wildtype,,,,-1,-1,False,False,0,300
PIK3CD,PIK3CD,O00329,0,wildtype,,,,-1,-1,False,False,82,382
CHEK2,CHEK2,O96017,0,wildtype,,,,-1,-1,False,False,147,447
ERK5,ERK5,Q13164,0,wildtype,,,,-1,-1,False,False,0,300
ACVR1B,ACVR1B,P36896,0,wildtype,,,,-1,-1,False,False,73,373
ERK8,ERK8,Q8TD08,0,wildtype,,,,-1,-1,False,False,0,300
CSNK1G3,CSNK1G3,Q9Y6M4,0,wildtype,,,,-1,-1,False,False,0,300
CAMK2B,CAMK2B,Q13554,0,wildtype,,,,-1,-1,False,False,0,300
HUNK,HUNK,P57058,0,wildtype,,,,-1,-1,False,False,0,300
FYN,FYN,P06241,0,wildtype,,,,-1,-1,False,False,137,437
KIT(L576P),KIT,P10721,1,point_mutation,L576P,L,P,576,37,True,True,538,838
MST1R,MST1R,Q04912,0,wildtype,,,,-1,-1,False,False,999,1299
PRKCD,PRKCD,Q05655,0,wildtype,,,,-1,-1,False,False,216,516
MEK1,MEK1,Q02750,0,wildtype,,,,-1,-1,False,False,0,300
AMPK-alpha1,AMPK,P54646,0,wildtype,,,,-1,-1,False,False,0,300
RAF1,RAF1,P04049,0,wildtype,,,,-1,-1,False,False,106,406
MEK4,MEK4,P45985,0,wildtype,,,,-1,-1,False,False,0,300
